-- phpMyAdmin SQL Dump
-- version 4.9.5
-- https://www.phpmyadmin.net/
--
-- Host: localhost:3306
-- Generation Time: Aug 09, 2021 at 10:07 PM
-- Server version: 10.3.16-MariaDB
-- PHP Version: 7.3.23

SET SQL_MODE = "NO_AUTO_VALUE_ON_ZERO";
SET AUTOCOMMIT = 0;
START TRANSACTION;
SET time_zone = "+00:00";


/*!40101 SET @OLD_CHARACTER_SET_CLIENT=@@CHARACTER_SET_CLIENT */;
/*!40101 SET @OLD_CHARACTER_SET_RESULTS=@@CHARACTER_SET_RESULTS */;
/*!40101 SET @OLD_COLLATION_CONNECTION=@@COLLATION_CONNECTION */;
/*!40101 SET NAMES utf8mb4 */;

--
-- Database: `id16777589_base_arbell`
--

-- --------------------------------------------------------

--
-- Table structure for table `clientes`
--

CREATE TABLE `clientes` (
  `id` int(11) NOT NULL,
  `CA` int(11) NOT NULL,
  `CI` varchar(11) CHARACTER SET latin1 DEFAULT NULL,
  `nombre` varchar(20) COLLATE utf8_spanish_ci NOT NULL,
  `apellidos` varchar(40) COLLATE utf8_spanish_ci NOT NULL,
  `telefono` int(11) DEFAULT NULL,
  `lugar` varchar(50) CHARACTER SET latin1 DEFAULT NULL,
  `correo` varchar(50) CHARACTER SET latin1 DEFAULT NULL,
  `nivel` varchar(10) CHARACTER SET latin1 NOT NULL,
  `fecha_alta` date NOT NULL,
  `estado` tinyint(4) NOT NULL DEFAULT 1
) ENGINE=InnoDB DEFAULT CHARSET=utf8 COLLATE=utf8_spanish_ci ROW_FORMAT=COMPACT;

--
-- Dumping data for table `clientes`
--

INSERT INTO `clientes` (`id`, `CA`, `CI`, `nombre`, `apellidos`, `telefono`, `lugar`, `correo`, `nivel`, `fecha_alta`, `estado`) VALUES
(1, 12223, '8827712', 'EMILY', 'SANTOS', 1239789, 'YACUIBA', 'emily@gmail.com', 'experta', '2021-04-16', 0),
(2, 63896, '7216903', 'LITZI NATALI', 'LEON HERRERA', 71192771, 'Santa Cruz', 'litzileoncarmina@gmail.com', 'experta', '2021-04-16', 1),
(3, 70882, '7541125', 'MARIA EUGENIA', 'AGUILAR', 65322127, 'Tarija', 'mariaaguilarcarmina@gmail.com', 'experta', '2021-04-16', 1),
(4, 74522, '7852258', 'MARIELA', 'FLORES', 76198552, 'YACUIBA', 'marielaflorescarmina@gmail.com', 'experta', '2021-04-17', 1),
(5, 81743, '7452258', 'WILMA', 'AGRADA TORREZ DE ICHAZO', 71891837, 'YACUIBA', 'wilmaagradacarmina@gmail.com', 'experta', '2021-04-16', 1),
(6, 82698, '7548525', 'JHONATHAN PAUL', 'IRIARTE AVILES', 76185441, 'Santa Cruz', 'jhonathanavilescarmina@gmail.com', 'experta', '2021-04-16', 1),
(8, 81252, '1063837', 'CARLA ANGELICA', 'SAAVEDRA', 75174954, 'YACUIBA B/La Playa C/Final Sucre E/Av/Gaseoducto', 'carlaangelicasaavedracarmina@gmail.com', 'experta', '2021-05-05', 1),
(9, 47862, '8916594', 'CECILIA CLAUDIA', 'HUALLPA MIRANDA', 69346540, 'YACUIBA', 'ceciliaclauidiahuallpamiranda@gmail.com', 'experta', '2021-05-05', 1),
(10, 59976, '7156001', 'MARINA MAYERLIN', 'AGUIRRE IÑIGUEZ', 77890588, 'VILLAMONTES', 'mayerlinaguirrecarmina@gmail.com', 'lider', '2021-03-24', 1),
(11, 74758, '7210086', 'SHEILA MARIA LUZ', 'AGUILERA VEGA', 70215360, 'YACUIBA', 'sheilamarialuzaguirrevega@gmail.com', 'experta', '2021-05-05', 1),
(12, 478622, '', 'VIVIANA', 'CALDERON BEJARANO', 76802190, 'YACUIBA', 'vivianacalderonbejarano@gmail.com', 'experta', '2020-01-14', 1),
(13, 74427, '5028722', 'JANICE', 'BRIZOLA GARECA', 76832109, 'VILLA MONTES', 'janicebrizolagarecacarmina@gmail.com', 'experta', '2020-12-07', 1),
(14, 46782, '5000372', 'JANE BRITT', 'CORONADO RODAS', 76808356, 'YACUIBA', 'janebrittcoronadorodas@gmail.com', 'experta', '2021-05-05', 1),
(15, 86223, '7230787', 'LORENA ARACELLI', 'GARECA VILCA', 75174439, 'YACUIBA', 'lorenaaracelligarecavilca@gmail.com', 'experta', '2021-05-05', 1),
(16, 70544, '5669462', 'MELISSA TIFANNY', 'COSSIO VIERA', 73417621, 'SUCRE', 'melissatifannycarmina@gmail.com', 'experta', '2021-05-05', 1),
(17, 84721, '3190645', 'SILVIA', 'MONTENEGRO ORTIZ', 75174806, 'YACUIBA', 'silviamonteroortiz@gmail.com', 'experta', '2021-04-14', 1),
(18, 63830, '1792983', 'ALEJANDRINA', 'URZAGASTE CARDOZO', 75180362, 'YACUIBA', 'alejandrinaurzagastecardozocarmina@gmail.com', 'experta', '2020-08-12', 1),
(19, 44374, '5050345', 'MARIA ANGELICA', 'BEJARANO BARRERA', 77875400, 'YACUIBA', 'mariaangelicabaejaranobarreracarmina@gmail.com', 'experta', '2019-11-09', 1),
(20, 67216, '10639613', 'LILIANA ', 'ZAPATA TORREZ', 75184675, 'YACUIBA', 'lilianazapatatorrezcarmina@gmail.com', 'experta', '2021-05-05', 1),
(21, 49740, '2949436', 'ADALGIZA', 'ANZOATEGUI', 62035027, 'YACUIBA', 'adalgizaanzoateguicacerescarmina@gmail.com', 'experta', '2020-02-11', 1),
(22, 44817, '5050060', 'JODIE BRIGITTE', 'CORONADO RODA', 76802589, 'YACUIBA', 'jodiebrigittecoronadorodacarmina@gmail.com', 'experta', '2021-05-05', 1),
(23, 49308, '', 'CLAUDIA EVELIN', 'VACAFLOR JIJENA', 70218636, 'YACUIBA', 'claudiavacaflorcarmina@gmail.com', 'experta', '2020-02-04', 1),
(24, 81283, '3865651', 'ANA GUEHIZA', 'VARGAS CUELLAR', 73616911, 'SANTA CRUZ``', 'anaguehizavargascuellar@gmail.com', 'experta', '2021-03-23', 1),
(25, 48933, '5780488', 'BRENDA', 'SILEZ AZURDUY', 77195944, 'YACUIBA', 'brendasilezazurduycarmina@gmail.com', 'experta', '2020-01-30', 1),
(26, 61012, '5780276', 'MARINA', 'BARRIGA GUZMAN', 7451394, 'YACUIBA', 'marinabarrigaguzmancarmina@gmail.com', 'experta', '2020-07-19', 1),
(27, 64928, '5787861', 'MARINA', 'CLAROS ZAPATA', 76831114, 'VILLAMONTES', 'marinaclaroszapatacarmina@gmail.com', 'experta', '2020-08-25', 1),
(28, 81281, '10622409', 'MARCIA VALERIA', 'ARENA TORREZ', 65800463, 'POTOSI', 'marciatorrezcarmina@gmail.com', '1', '2021-03-09', 0),
(29, 60291, '7210044', 'ROXANA', 'VEGA ALVAREZ', 73488384, 'VILLA MONTES', 'roxanavegaalvarezcarmina@gmail.com', 'experta', '2020-07-14', 1),
(30, 62930, '7010045', 'EULOGIA', 'RODRIGUEZ', 76807209, 'YACUIBA', 'eulogiarodriguezcarmina@gmail.com', 'experta', '2020-08-03', 1),
(31, 46130, '1987091', 'FRANZ REYNALDO', 'PLATA CALDERON', 76824564, 'YACUIBA', 'franzreynaldoplatacalderoncarmina@gmail.com', 'experta', '2019-12-05', 1),
(32, 47542, '', 'MARINA', 'BEJARANO', 75609979, 'YACUIBA', 'marinabejarano@gmail.com', 'experta', '2020-01-06', 1),
(33, 70918, '3745750', 'ALEJANDRINA', 'PEREZ RIOS', 68750036, 'YACUIBA', 'alejandrinaperezcarmina@gmail.com', 'experta', '2020-10-24', 1),
(34, 48788, '95404592', 'CELIA ', 'CAUCOTA TOLABA', 77196996, 'YACUIBA', 'celiacaucotatolaba@gmail.com', 'experta', '2021-05-05', 1),
(35, 65696, '5800224', 'CELESTE', 'SOSA ALARCON', 77191215, 'SANTA CRUZ', 'celestesosacarmina@gmail.com', 'experta', '2020-09-02', 1),
(36, 50049, '7210040', 'NATALIA ANDREA', 'BEJARANO VACAFLOR', 77894488, 'TARIJA', 'natalianadracarmina@gmail.com', 'experta', '2020-02-20', 1),
(37, 48977, '', 'YHIRANA BEATRIZ', 'LINO MIRANDA', 69305632, 'VILLA MONTES', 'yhiranabeatrizcarminia@gmail.com', 'experta', '2020-01-20', 1),
(82702, 91635, '3239235', 'JUANA BLANCA', 'MARISCAL PEÑARANDA', 69038348, 'VILLAMONTES', '.juanamariscalcarmina@gmail.com', 'experta', '2021-06-25', 1),
(82704, 91859, '8916595', 'PAOLA ANDREA', 'HUALLPA MIRANDA', 61667737, 'YACUIBA', 'paolamirandacarmina@gmail.com', 'experta', '2021-06-28', 1),
(82705, 89062, '1807614', 'VALENTINA JACQUELINE', 'FLORES ESTRADA', 69313856, 'TARIJA', 'valentinaflorescarmina@gmmail.com', 'experta', '2021-05-28', 1),
(82706, 83585, '1871490', 'MARIA LUZ ', ' MENDOZA ROMERO', 78247956, 'TARIJA', 'mariamendozacarmina@gmail.com', 'lider', '2021-03-31', 1),
(82707, 76126, '5800223', 'CLAUDIA ANDREA', 'SOSA ALARCON', 76803955, 'SANTA CRUZ', 'claudiasosacarmina@gmail.com', 'lider', '2021-01-11', 1),
(82708, 84773, '5040179', 'FABIANA', 'ARELLANO DURAN', 78247956, 'TARIJA', 'fabianaarellanocarmina@gmail.com', 'experta', '2021-04-13', 1),
(82709, 90474, '5794343', 'CARMEN', 'ALBORNOS ARAMAYO', 77193410, 'tarija', 'carmenaramayocarmina@gmail.com', 'experta', '2021-06-10', 1),
(82710, 464141, '05400051', 'MADELEINE', 'MENDEZ MORALES', 79057013, 'SANTA CRUZ', 'madeleinecarmina@gmail.com', 'lider', '2019-12-11', 1),
(82711, 88038, '01066265', 'LOURDES', 'LENIS ESTEFANIA', 60260521, 'TARIJA', 'estefanialeniscarmina@gmail.com', 'experta', '2021-05-19', 1),
(82712, 68844, '07104594', 'JESICA YSABEL', 'ZAMBRANA PEREZ', 67674692, 'VILLAMONTES', 'jesicazambranacarmina@gmail.com', 'experta', '2020-09-30', 1),
(82713, 89057, '05029746', 'DINA ', 'MARTINEZ GARCIA', 72982484, 'TARIJA', 'dinamartinezcarmina@gmail.com', 'experta', '2021-05-28', 1),
(82714, 47786, '04132631', 'MARISOL YAQUELIN ', 'BENITEZ SORUCO', 73453627, 'VILLAMONTES', 'marisolyaquelincarminia@gmail.com', 'experta', '2020-01-13', 1),
(82715, 44260, '05045551', 'LIZETH PAOLA', 'HURTADO BEJARANO', 76807415, 'YACUIBA', 'paolalizethcarmina@gmail.com', 'experta', '2019-11-07', 1),
(82716, 44254, '07210320', 'ISABEL TERESA', 'HURTADO BEJARANO', 67393818, 'YACUIBA', 'isabelteresacarmina@gmail.com', 'experta', '2019-11-07', 1),
(82717, 91687, '01066425', 'ERLIN GABRIELA ', 'CORONADO JURADO', 78226414, 'TARIJA', 'erlincoronadocarmina@gmail.com', 'experta', '2021-06-25', 1),
(82718, 60744, '01066868', 'SILVIA GARY', 'COCA ARTEAGA', 75152983, 'VILLAMONTES', 'silviaarteagacarmina@gmail.com', 'experta', '2020-07-17', 1),
(82719, 71347, '14574267', 'CAMILA ALEJANDRA', 'CASTILLO ZAPATA', 75184675, 'YACUIBA', 'camilazapatacarmina@gmail.com', 'experta', '2020-10-30', 1),
(82720, 74562, '04135894', 'NELSI', 'VILLARROEL QUINTEROS', 77195958, 'YACUIBA', 'nelsivillarroelcarmina@gmail.com', 'experta', '2020-12-09', 1),
(82721, 59950, '07186902', 'GABRIEL SANTOS', 'HURTADO BEJARANO', 69349115, 'VILLAMONTES', 'gabrielhurtadocarmina@gmail.com', 'experta', '2021-07-21', 1),
(82722, 92670, '7149147', 'ANA EVITA', 'MARTINEZ GARCIA', 74500346, 'YACUIBA', 'anamartinezcarmina@gmail.com', 'experta', '2021-07-09', 1),
(82723, 93244, '03534045', 'SILVIA ', 'CUELLAR GUERRERO', 68689696, 'VILLAMONTES', 'silviacuellarcarmina@gmail.com', 'experta', '2021-07-16', 1),
(82724, 92220, '10661849', 'CARLA', 'ARIAS RIVERA', 78247956, 'TARIJA', 'carlariveracarmina@gmail.com', 'experta', '2021-07-03', 1);

-- --------------------------------------------------------

--
-- Table structure for table `compras`
--

CREATE TABLE `compras` (
  `codc` int(11) NOT NULL,
  `ci_usu` int(11) NOT NULL,
  `fecha` datetime NOT NULL DEFAULT current_timestamp(),
  `totalsd` float NOT NULL,
  `totalcd` float NOT NULL,
  `descuento` int(11) NOT NULL,
  `valor_pesos` float NOT NULL,
  `estado` tinyint(1) NOT NULL DEFAULT 1
) ENGINE=InnoDB DEFAULT CHARSET=utf8 COLLATE=utf8_spanish_ci ROW_FORMAT=COMPACT;

--
-- Dumping data for table `compras`
--

INSERT INTO `compras` (`codc`, `ci_usu`, `fecha`, `totalsd`, `totalcd`, `descuento`, `valor_pesos`, `estado`) VALUES
(139, 1000000, '2021-06-11 10:07:44', 6080.9, 6080.9, 0, 0.07, 1),
(140, 1000000, '2021-06-11 10:21:45', 40020.4, 40020.4, 0, 0.07, 1),
(141, 1000000, '2021-06-11 10:33:14', 21728, 21728, 0, 0.07, 1),
(142, 1000000, '2021-06-11 10:38:47', 11074, 11074, 0, 0.07, 1),
(143, 1000000, '2021-06-11 10:44:25', 4704, 4704, 0, 0.07, 1),
(144, 1000000, '2021-06-11 10:49:32', 22540, 22540, 0, 0.07, 1),
(145, 1000000, '2021-06-11 10:56:47', 32188.8, 32188.8, 0, 0.07, 1),
(146, 1000000, '2021-06-11 11:02:43', 30870, 30870, 0, 0.07, 1),
(147, 1000000, '2021-06-11 11:18:08', 28371, 28371, 0, 0.07, 1),
(148, 1000000, '2021-06-11 11:30:17', 24255, 24255, 0, 0.07, 1),
(149, 1000000, '2021-06-11 11:50:16', 70119, 70119, 0, 0.07, 1),
(150, 1000000, '2021-06-11 12:00:47', 11060, 11060, 0, 0.07, 1),
(151, 1000000, '2021-06-11 12:06:40', 34861.4, 34861.4, 0, 0.07, 1),
(152, 1000000, '2021-06-11 02:58:26', 47510.4, 47510.4, 0, 0.07, 1),
(153, 1000000, '2021-06-11 04:52:35', 40295.5, 40295.5, 0, 0.07, 1),
(154, 1000000, '2021-06-14 11:58:55', 1386, 1386, 0, 0.07, 1),
(155, 1000000, '2021-06-14 12:15:56', 30800, 30800, 0, 0.07, 1),
(156, 1000000, '2021-06-14 01:46:39', 30884, 30884, 0, 0.07, 1),
(157, 1000000, '2021-06-14 02:09:30', 55665.4, 55665.4, 0, 0.07, 1),
(158, 1000000, '2021-06-14 02:25:18', 26663, 26663, 0, 0.07, 1),
(159, 1000000, '2021-06-14 02:42:59', 27673.1, 27673.1, 0, 0.07, 1),
(160, 1000000, '2021-06-14 03:02:15', 36815.1, 36815.1, 0, 0.07, 1),
(161, 1000000, '2021-06-14 03:19:57', 28133, 28133, 0, 0.07, 1),
(162, 1000000, '2021-06-14 03:52:04', 40537, 40537, 0, 0.07, 1),
(163, 1000000, '2021-06-14 04:36:21', 51796.5, 51796.5, 0, 0.07, 1),
(164, 1000000, '2021-06-14 05:02:05', 66052, 66052, 0, 0.07, 1),
(165, 1000000, '2021-06-14 05:19:20', 22178.8, 22178.8, 0, 0.07, 1),
(166, 1000000, '2021-06-14 05:28:53', 147, 147, 0, 0.07, 1),
(167, 1000000, '2021-06-14 05:35:59', 22304.1, 22304.1, 0, 0.07, 1),
(168, 1000000, '2021-06-14 05:58:07', 12840.8, 12840.8, 0, 0.07, 1),
(169, 1000000, '2021-06-14 05:58:38', 19.6, 19.6, 0, 0.07, 1),
(170, 1000000, '2021-06-15 03:42:39', 14343, 14343, 0, 0.07, 1),
(171, 1000000, '2021-06-15 04:14:57', 1750, 1750, 0, 0.07, 1),
(172, 1000000, '2021-06-17 10:39:53', 2646, 2646, 0, 0.07, 1),
(173, 1000000, '2021-06-17 11:08:50', 4711, 4711, 0, 0.07, 1),
(174, 1000000, '2021-06-17 03:50:28', 7924, 7924, 0, 0.07, 1),
(175, 1000000, '2021-06-17 04:31:20', 3448.9, 3448.9, 0, 0.07, 1),
(176, 1000000, '2021-06-18 09:22:33', 441, 441, 0, 0.07, 1),
(177, 1000000, '2021-06-18 09:24:20', 245, 245, 0, 0.07, 1),
(178, 1000000, '2021-06-18 09:27:55', 539, 539, 0, 0.07, 1),
(179, 1000000, '2021-06-18 09:54:45', 8460.9, 8460.9, 0, 0.07, 1),
(180, 1000000, '2021-06-18 10:22:08', 5964, 5964, 0, 0.07, 1),
(181, 1000000, '2021-06-21 12:24:25', 420, 420, 0, 0.07, 1),
(182, 1000000, '2021-06-21 12:25:21', 420, 420, 0, 0.07, 1),
(183, 1000000, '2021-06-21 04:51:56', 12374.6, 12374.6, 0, 0.07, 1),
(184, 1000000, '2021-06-21 05:23:13', 5880, 5880, 0, 0.07, 1),
(185, 1000000, '2021-06-21 05:51:39', 836.5, 836.5, 0, 0.07, 1),
(186, 1000000, '2021-06-21 06:31:12', 10587.5, 10587.5, 0, 0.07, 1),
(187, 1000000, '2021-06-21 06:38:31', 504, 504, 0, 0.07, 1),
(188, 1000000, '2021-06-21 06:42:40', 64.4, 64.4, 0, 0.07, 1),
(189, 1000000, '2021-06-22 09:31:59', 7319.2, 7319.2, 0, 0.07, 1),
(190, 1000000, '2021-06-22 10:06:02', 9301.6, 9301.6, 0, 0.07, 1),
(191, 1000000, '2021-06-22 10:46:59', 4266.5, 4266.5, 0, 0.07, 1),
(192, 1000000, '2021-06-22 04:43:52', 2256.5, 2256.5, 0, 0.07, 1),
(193, 1000000, '2021-06-22 05:45:58', 49, 49, 0, 0.07, 1),
(194, 1000000, '2021-06-22 06:05:00', 4312, 4312, 0, 0.07, 1),
(195, 1000000, '2021-06-24 05:21:20', 6468, 6468, 0, 0.07, 1),
(196, 1000000, '2021-06-24 05:48:00', 3500, 3500, 0, 0.07, 1),
(197, 1000000, '2021-06-26 10:14:20', 112, 112, 0, 0.07, 1),
(198, 1000000, '2021-06-26 10:32:04', 6728.4, 6728.4, 0, 0.07, 1),
(199, 1000000, '2021-06-26 10:43:49', 6205.5, 6205.5, 0, 0.07, 1),
(200, 1000000, '2021-06-26 10:48:18', 6048, 6048, 0, 0.07, 1),
(201, 1000000, '2021-06-26 10:52:18', 280, 280, 0, 0.07, 1),
(202, 1000000, '2021-06-29 10:54:02', 42, 42, 0, 0.07, 1),
(203, 1000000, '2021-06-29 05:33:51', 7784, 7784, 0, 0.07, 1),
(204, 1000000, '2021-06-29 06:30:27', 1638, 1638, 0, 0.07, 1),
(205, 1000000, '2021-06-29 06:42:12', 42, 42, 0, 0.07, 1),
(206, 1000000, '2021-07-02 11:35:32', 70, 70, 0, 0.07, 1),
(207, 1000000, '2021-07-02 11:38:35', 28, 28, 0, 0.07, 1),
(208, 1000000, '2021-07-02 04:33:44', 39.2, 39.2, 0, 0.07, 1),
(209, 1000000, '2021-07-02 04:44:38', 39.2, 39.2, 0, 0.07, 1),
(210, 1000000, '2021-07-14 09:46:21', 1050, 1050, 0, 0.07, 1),
(211, 1000000, '2021-07-14 09:48:21', 771.8, 771.8, 0, 0.07, 1),
(212, 1000000, '2021-07-14 09:49:34', 771.8, 771.8, 0, 0.07, 1),
(213, 1000000, '2021-07-14 09:51:04', 1750, 1750, 0, 0.07, 1),
(214, 1000000, '2021-07-14 09:55:16', 875, 875, 0, 0.07, 1),
(215, 1000000, '2021-07-19 06:26:24', 1260, 1260, 0, 0.07, 1),
(216, 1000000, '2021-07-19 06:28:53', 1050, 1050, 0, 0.07, 1),
(217, 1000000, '2021-07-19 06:31:05', 1904, 1904, 0, 0.07, 1),
(218, 1000000, '2021-07-19 06:33:32', 1575, 1575, 0, 0.07, 1),
(219, 1000000, '2021-07-19 06:34:21', 2520, 2520, 0, 0.07, 1),
(220, 1000000, '2021-07-19 06:35:23', 1645, 1645, 0, 0.07, 1),
(221, 1000000, '2021-07-19 06:36:12', 2520, 2520, 0, 0.07, 1),
(222, 1000000, '2021-07-19 06:38:42', 3150, 3150, 0, 0.07, 1),
(223, 1000000, '2021-07-19 06:39:29', 1050, 1050, 0, 0.07, 1),
(224, 1000000, '2021-07-19 06:40:09', 700, 700, 0, 0.07, 1),
(225, 1000000, '2021-07-19 06:41:33', 1274, 1274, 0, 0.07, 1),
(226, 1000000, '2021-07-19 06:42:16', 1050, 1050, 0, 0.07, 1),
(227, 1000000, '2021-07-19 06:43:08', 630, 630, 0, 0.07, 1),
(228, 1000000, '2021-07-19 06:43:34', 630, 630, 0, 0.07, 1),
(229, 1000000, '2021-07-19 06:44:36', 945, 945, 0, 0.07, 1),
(230, 1000000, '2021-07-19 06:45:25', 1974, 1974, 0, 0.07, 1),
(231, 1000000, '2021-07-19 06:46:51', 2100, 2100, 0, 0.07, 1),
(232, 1000000, '2021-07-20 11:26:18', 0, 0, 0, 0.07, 0),
(233, 1000000, '2021-07-20 11:51:52', 0, 0, 0, 0.07, 0),
(234, 1000000, '2021-07-21 10:50:00', 812, 812, 0, 0.07, 1),
(235, 1000000, '2021-07-21 07:50:12', 51212, 51212, 0, 0.07, 1),
(236, 1000000, '2021-07-22 03:47:32', 1400, 1400, 0, 0.07, 1),
(237, 1000000, '2021-07-24 10:49:41', 4950.4, 4950.4, 30, 0.07, 1),
(238, 1000000, '2021-07-24 11:24:04', 2800, 1960.1, 30, 0.07, 1),
(239, 1000000, '2021-08-02 03:23:50', 1050, 735, 30, 0.07, 1),
(240, 1000000, '2021-08-02 03:42:37', 2415, 1690.7, 30, 0.07, 1),
(241, 1000000, '2021-08-04 09:03:10', 15589, 15589, 0, 0.07, 1),
(242, 1000000, '2021-08-04 09:49:43', 5840, 5840, 0, 0.07, 1),
(243, 1000000, '2021-08-04 10:36:37', 5278, 5278, 0, 0.07, 1),
(244, 1000000, '2021-08-04 10:56:40', 2830.1, 2830.1, 0, 0.07, 1),
(245, 1000000, '2021-08-04 11:41:04', 10649.8, 10649.8, 0, 0.07, 1),
(246, 1000000, '2021-08-04 11:58:25', 700, 700, 0, 0.07, 1),
(247, 1000000, '2021-08-04 12:00:09', 700, 700, 0, 0.07, 1),
(248, 1000000, '2021-08-04 12:01:10', 700, 700, 0, 0.07, 1),
(249, 1000000, '2021-08-04 02:42:00', 18.9, 18.9, 0, 0.07, 1),
(250, 1000000, '2021-08-05 10:11:30', 2470, 2470, 0, 0.07, 1);

-- --------------------------------------------------------

--
-- Table structure for table `detalle_compra`
--

CREATE TABLE `detalle_compra` (
  `codc` int(11) NOT NULL,
  `codp` varchar(20) COLLATE utf8_spanish_ci NOT NULL,
  `cantidad` int(11) NOT NULL,
  `pupesos` float NOT NULL,
  `pubs` float NOT NULL,
  `pupesos_cd` float NOT NULL,
  `pubs_cd` float NOT NULL,
  `estado` tinyint(1) NOT NULL DEFAULT 1
) ENGINE=InnoDB DEFAULT CHARSET=utf8 COLLATE=utf8_spanish_ci ROW_FORMAT=COMPACT;

--
-- Dumping data for table `detalle_compra`
--

INSERT INTO `detalle_compra` (`codc`, `codp`, `cantidad`, `pupesos`, `pubs`, `pupesos_cd`, `pubs_cd`, `estado`) VALUES
(139, '6087', 73, 1190, 83.3, 1190, 83.3, 1),
(140, '6600', 64, 1290, 90.3, 1290, 90.3, 1),
(140, 'V051', 64, 400, 28, 400, 28, 1),
(140, '6088', 77, 1390, 97.3, 1390, 97.3, 1),
(140, '6080', 73, 900, 63, 900, 63, 1),
(140, '6084', 43, 1000, 70, 1000, 70, 1),
(140, '6081', 79, 900, 63, 900, 63, 1),
(140, '6082', 62, 900, 63, 900, 63, 1),
(140, '6089', 87, 1390, 97.3, 1390, 97.3, 1),
(141, '7008', 51, 600, 42, 600, 42, 1),
(141, '6077', 45, 1000, 70, 1000, 70, 1),
(141, '6074', 48, 1000, 70, 1000, 70, 1),
(141, '6073', 37, 1000, 70, 1000, 70, 1),
(141, 'F307', 43, 700, 49, 700, 49, 1),
(141, 'F306', 40, 700, 49, 700, 49, 1),
(141, 'F201', 36, 700, 49, 700, 49, 1),
(141, 'F202', 54, 700, 49, 700, 49, 1),
(141, 'F300', 41, 700, 49, 700, 49, 1),
(142, 'F308', 33, 700, 49, 700, 49, 1),
(142, 'F229', 42, 700, 49, 700, 49, 1),
(142, 'F301', 32, 700, 49, 700, 49, 1),
(142, 'F225', 38, 700, 49, 700, 49, 1),
(142, 'F294', 27, 700, 49, 700, 49, 1),
(142, 'F278', 54, 700, 49, 700, 49, 1),
(143, 'F229', 42, 700, 49, 700, 49, 1),
(143, 'F278', 54, 700, 49, 700, 49, 1),
(144, 'F298', 45, 700, 49, 700, 49, 1),
(144, 'F209', 43, 700, 49, 700, 49, 1),
(144, 'F276', 27, 700, 49, 700, 49, 1),
(144, 'F221', 33, 700, 49, 700, 49, 1),
(144, 'F296', 31, 700, 49, 700, 49, 1),
(144, 'F296', 46, 700, 49, 700, 49, 1),
(144, 'F277', 26, 700, 49, 700, 49, 1),
(144, 'F303', 30, 700, 49, 700, 49, 1),
(144, 'F203', 30, 700, 49, 700, 49, 1),
(144, 'F304', 42, 700, 49, 700, 49, 1),
(144, 'F273', 26, 700, 49, 700, 49, 1),
(144, 'F206', 58, 700, 49, 700, 49, 1),
(144, 'F271', 23, 700, 49, 700, 49, 1),
(145, '6001', 40, 1000, 70, 1000, 70, 1),
(145, '6001', 34, 1000, 70, 1000, 70, 1),
(145, '6078', 98, 1190, 83.3, 1190, 83.3, 1),
(145, 'F286', 32, 700, 49, 700, 49, 1),
(145, 'F233', 33, 700, 49, 700, 49, 1),
(145, 'F295', 31, 700, 49, 700, 49, 1),
(145, 'F291', 36, 700, 49, 700, 49, 1),
(145, 'F207', 15, 700, 49, 700, 49, 1),
(145, 'F284', 38, 700, 49, 700, 49, 1),
(145, 'F211', 38, 700, 49, 700, 49, 1),
(145, 'F258', 26, 700, 49, 700, 49, 1),
(145, 'F288', 37, 700, 49, 700, 49, 1),
(145, '6085', 58, 1190, 83.3, 1190, 83.3, 1),
(146, 'F280', 34, 700, 49, 700, 49, 1),
(146, 'F289', 54, 700, 49, 700, 49, 1),
(146, 'F281', 38, 700, 49, 700, 49, 1),
(146, 'F302', 28, 700, 49, 700, 49, 1),
(146, 'F275', 26, 700, 49, 700, 49, 1),
(146, 'F290', 44, 700, 49, 700, 49, 1),
(146, 'F297', 32, 700, 49, 700, 49, 1),
(146, 'F200', 34, 700, 49, 700, 49, 1),
(146, 'F256', 39, 700, 49, 700, 49, 1),
(146, 'F309', 58, 700, 49, 700, 49, 1),
(146, 'F310', 76, 700, 49, 700, 49, 1),
(146, 'F214', 31, 700, 49, 700, 49, 1),
(146, 'F208', 43, 700, 49, 700, 49, 1),
(146, 'F222', 35, 700, 49, 700, 49, 1),
(146, 'F210', 30, 700, 49, 700, 49, 1),
(146, 'F268', 28, 700, 49, 700, 49, 1),
(147, 'F249', 57, 700, 49, 700, 49, 1),
(147, 'F204', 40, 700, 49, 700, 49, 1),
(147, 'F276', 25, 700, 49, 700, 49, 1),
(147, 'F211', 25, 700, 49, 700, 49, 1),
(147, 'F258', 25, 700, 49, 700, 49, 1),
(147, 'F292', 30, 700, 49, 700, 49, 1),
(147, 'F301', 25, 700, 49, 700, 49, 1),
(147, 'F294', 25, 700, 49, 700, 49, 1),
(147, 'F286', 25, 700, 49, 700, 49, 1),
(147, 'F296', 25, 700, 49, 700, 49, 1),
(147, 'F295', 25, 700, 49, 700, 49, 1),
(147, 'F306', 20, 700, 49, 700, 49, 1),
(147, 'M267', 25, 700, 49, 700, 49, 1),
(147, 'M255', 30, 700, 49, 700, 49, 1),
(147, 'M208', 25, 700, 49, 700, 49, 1),
(147, 'M264', 24, 700, 49, 700, 49, 1),
(147, 'M260', 30, 700, 49, 700, 49, 1),
(147, 'M243', 25, 700, 49, 700, 49, 1),
(147, 'M268', 23, 700, 49, 700, 49, 1),
(147, 'M254', 25, 700, 49, 700, 49, 1),
(147, 'M249', 25, 700, 49, 700, 49, 1),
(148, '9581', 24, 2000, 140, 2000, 140, 1),
(148, '5504', 20, 600, 42, 600, 42, 1),
(148, '9514', 42, 800, 56, 800, 56, 1),
(148, '9608', 43, 800, 56, 800, 56, 1),
(148, '9530', 19, 800, 56, 800, 56, 1),
(148, '9610', 68, 800, 56, 800, 56, 1),
(148, '1220', 67, 1900, 133, 1900, 133, 1),
(148, '9599', 36, 600, 42, 600, 42, 1),
(149, '1216', 75, 400, 28, 400, 28, 1),
(149, '1217', 49, 300, 21, 300, 21, 1),
(149, '1217', 50, 300, 21, 300, 21, 1),
(149, '1218', 78, 600, 42, 600, 42, 1),
(149, '1219', 28, 500, 35, 500, 35, 1),
(149, '1219', 62, 500, 35, 500, 35, 1),
(149, '2300', 70, 1190, 83.3, 1190, 83.3, 1),
(149, '2308', 66, 1190, 83.3, 1190, 83.3, 1),
(149, '3274', 60, 400, 28, 400, 28, 1),
(149, '3274', 6, 400, 28, 400, 28, 1),
(149, '3275', 72, 450, 31.5, 450, 31.5, 1),
(149, '3276', 86, 500, 35, 500, 35, 1),
(149, '3277', 90, 500, 35, 500, 35, 1),
(149, '3277', 10, 500, 35, 500, 35, 1),
(149, '3286', 38, 600, 42, 600, 42, 1),
(149, '3286', 57, 600, 42, 600, 42, 1),
(149, '3286', 11, 600, 42, 600, 42, 1),
(149, '3293', 103, 300, 21, 300, 21, 1),
(149, '3295', 63, 350, 24.5, 350, 24.5, 1),
(149, '3387', 30, 700, 49, 700, 49, 1),
(149, '3387', 30, 700, 49, 700, 49, 1),
(149, '3387', 12, 700, 49, 700, 49, 1),
(149, '4002', 178, 570, 39.9, 570, 39.9, 1),
(149, '4002', 150, 570, 39.9, 570, 39.9, 1),
(149, '4019', 80, 300, 21, 300, 21, 1),
(149, '4019', 13, 300, 21, 300, 21, 1),
(149, '4026', 103, 500, 35, 500, 35, 1),
(149, '4026', 71, 500, 35, 500, 35, 1),
(149, '4026', 50, 500, 35, 500, 35, 1),
(149, '4028', 40, 450, 31.5, 450, 31.5, 1),
(149, '4028', 7, 450, 31.5, 450, 31.5, 1),
(149, '4028', 17, 450, 31.5, 450, 31.5, 1),
(149, '4028', 1, 450, 31.5, 450, 31.5, 1),
(149, '4028', 30, 450, 31.5, 450, 31.5, 1),
(150, 'C712', 49, 400, 28, 400, 28, 1),
(150, 'C713', 49, 400, 28, 400, 28, 1),
(150, 'C714', 41, 400, 28, 400, 28, 1),
(150, 'C715', 74, 400, 28, 400, 28, 1),
(150, 'C720', 80, 400, 28, 400, 28, 1),
(150, 'C721', 49, 400, 28, 400, 28, 1),
(150, 'C722', 53, 400, 28, 400, 28, 1),
(151, '4032', 94, 500, 35, 500, 35, 1),
(151, '4032', 7, 500, 35, 500, 35, 1),
(151, '4032', 6, 500, 35, 500, 35, 1),
(151, '4033', 33, 500, 35, 500, 35, 1),
(151, '4033', 48, 500, 35, 500, 35, 1),
(151, '5005', 52, 350, 24.5, 350, 24.5, 1),
(151, '5005', 38, 350, 24.5, 350, 24.5, 1),
(151, '6095', 91, 1390, 97.3, 1390, 97.3, 1),
(151, '6096', 90, 1390, 97.3, 1390, 97.3, 1),
(151, '6097', 87, 1390, 97.3, 1390, 97.3, 1),
(152, '3384', 19, 700, 49, 700, 49, 1),
(152, '3394', 26, 700, 49, 700, 49, 1),
(152, '3384', 14, 700, 49, 700, 49, 1),
(152, '3384', 61, 700, 49, 700, 49, 1),
(152, '9545', 5, 2000, 140, 2000, 140, 1),
(152, 'V053', 8, 600, 42, 600, 42, 1),
(152, '3289', 59, 800, 56, 800, 56, 1),
(152, '3289', 35, 800, 56, 800, 56, 1),
(152, '3288', 35, 800, 56, 800, 56, 1),
(152, '3289', 39, 800, 56, 800, 56, 1),
(152, '3287', 30, 800, 56, 800, 56, 1),
(152, '3287', 18, 800, 56, 800, 56, 1),
(152, '1218', 10, 600, 42, 600, 42, 1),
(152, '1218', 55, 600, 42, 600, 42, 1),
(152, '1219', 44, 500, 35, 500, 35, 1),
(152, '2308', 33, 1190, 83.3, 1190, 83.3, 1),
(152, '2300', 35, 1190, 83.3, 1190, 83.3, 1),
(152, '3277', 70, 500, 35, 500, 35, 1),
(152, '3277', 10, 500, 35, 500, 35, 1),
(152, '3279', 37, 400, 28, 400, 28, 1),
(152, '3279', 5, 400, 28, 400, 28, 1),
(152, '3280', 35, 500, 35, 500, 35, 1),
(152, '3280', 11, 500, 35, 500, 35, 1),
(152, '3278', 45, 500, 35, 500, 35, 1),
(152, '2303', 74, 1290, 90.3, 1290, 90.3, 1),
(152, '2302', 36, 1290, 90.3, 1290, 90.3, 1),
(152, '2309', 21, 1000, 70, 1000, 70, 1),
(153, '1212', 41, 600, 42, 600, 42, 1),
(153, '9512', 45, 500, 35, 500, 35, 1),
(153, '9584', 16, 280, 19.6, 280, 19.6, 1),
(153, '9537', 27, 900, 63, 900, 63, 1),
(153, '9518', 20, 800, 56, 800, 56, 1),
(153, '5504', 30, 600, 42, 600, 42, 1),
(153, '9609', 29, 550, 38.5, 550, 38.5, 1),
(153, '9564', 29, 700, 49, 700, 49, 1),
(153, '9589', 16, 900, 63, 900, 63, 1),
(153, '9608', 8, 500, 35, 500, 35, 1),
(153, '9608', 4, 500, 35, 500, 35, 1),
(153, '5509', 106, 800, 56, 800, 56, 1),
(153, '9563', 30, 700, 49, 700, 49, 1),
(153, '9563', 39, 700, 49, 700, 49, 1),
(153, '9594', 35, 600, 42, 600, 42, 1),
(153, '9518', 42, 800, 56, 800, 56, 1),
(153, '9609', 56, 550, 38.5, 550, 38.5, 1),
(153, '9609', 36, 550, 38.5, 550, 38.5, 1),
(153, '9523', 165, 500, 35, 500, 35, 1),
(153, '9607', 19, 800, 56, 800, 56, 1),
(153, '3383', 30, 700, 49, 700, 49, 1),
(153, '3384', 37, 700, 49, 700, 49, 1),
(153, '9585', 74, 280, 19.6, 280, 19.6, 1),
(153, '9530', 11, 500, 35, 500, 35, 1),
(154, '9609', 36, 550, 38.5, 550, 38.5, 1),
(155, '9598', 29, 600, 42, 600, 42, 1),
(155, '9601', 23, 900, 63, 900, 63, 1),
(155, '9603', 24, 1300, 91, 1300, 91, 1),
(155, '9582', 32, 500, 35, 500, 35, 1),
(155, '9595', 69, 600, 42, 600, 42, 1),
(155, '9607', 13, 800, 56, 800, 56, 1),
(155, '9523', 43, 500, 35, 500, 35, 1),
(155, '9505', 99, 500, 35, 500, 35, 1),
(155, '9602', 27, 800, 56, 800, 56, 1),
(155, '5504', 9, 600, 42, 600, 42, 1),
(155, '5504', 18, 600, 42, 600, 42, 1),
(155, '9514', 32, 800, 56, 800, 56, 1),
(155, '9606', 30, 900, 63, 900, 63, 1),
(155, '9564', 53, 700, 49, 700, 49, 1),
(155, '9588', 9, 800, 56, 800, 56, 1),
(155, '9588', 15, 800, 56, 800, 56, 1),
(155, '9537', 18, 900, 63, 900, 63, 1),
(155, '9608', 12, 500, 35, 500, 35, 1),
(155, '1206', 45, 600, 42, 600, 42, 1),
(155, '1205', 30, 650, 45.5, 650, 45.5, 1),
(155, '1207', 10, 450, 31.5, 450, 31.5, 1),
(155, '9547', 20, 600, 42, 600, 42, 1),
(156, '9599', 18, 600, 42, 600, 42, 1),
(156, '3389', 68, 500, 35, 500, 35, 1),
(156, '3389', 9, 500, 35, 500, 35, 1),
(156, '3376', 38, 500, 35, 500, 35, 1),
(156, '3377', 39, 500, 35, 500, 35, 1),
(156, '3380', 40, 500, 35, 500, 35, 1),
(156, '3380', 8, 500, 35, 500, 35, 1),
(156, '3388', 5, 500, 35, 500, 35, 1),
(156, '3388', 88, 500, 35, 500, 35, 1),
(156, '3375', 38, 550, 38.5, 550, 38.5, 1),
(156, '3383', 30, 700, 49, 700, 49, 1),
(156, '3385', 5, 500, 35, 500, 35, 1),
(156, '3383', 75, 700, 49, 700, 49, 1),
(156, '3383', 26, 700, 49, 700, 49, 1),
(156, '3393', 10, 700, 49, 700, 49, 1),
(156, 'V044', 124, 600, 42, 600, 42, 1),
(156, 'V044', 31, 600, 42, 600, 42, 1),
(156, 'V044', 15, 600, 42, 600, 42, 1),
(156, 'V053', 21, 600, 42, 600, 42, 1),
(156, 'V053', 14, 600, 42, 600, 42, 1),
(156, 'V053', 6, 600, 42, 600, 42, 1),
(156, 'V054', 3, 600, 42, 600, 42, 1),
(156, 'V054', 54, 600, 42, 600, 42, 1),
(157, '6086', 68, 1390, 97.3, 1390, 97.3, 1),
(157, 'M273', 31, 700, 49, 700, 49, 1),
(157, 'M200', 27, 700, 49, 700, 49, 1),
(157, 'M201', 39, 700, 49, 700, 49, 1),
(157, 'M222', 45, 700, 49, 700, 49, 1),
(157, 'M245', 35, 700, 49, 700, 49, 1),
(157, 'M252', 34, 700, 49, 700, 49, 1),
(157, 'M255', 29, 700, 49, 700, 49, 1),
(157, 'M271', 36, 700, 49, 700, 49, 1),
(157, 'M261', 37, 700, 49, 700, 49, 1),
(157, 'M239', 59, 700, 49, 700, 49, 1),
(157, 'M243', 27, 700, 49, 700, 49, 1),
(157, 'M250', 44, 700, 49, 700, 49, 1),
(157, 'M204', 40, 700, 49, 700, 49, 1),
(157, 'M269', 35, 700, 49, 700, 49, 1),
(157, 'M208', 29, 700, 49, 700, 49, 1),
(157, 'M254', 26, 700, 49, 700, 49, 1),
(157, 'M264', 29, 700, 49, 700, 49, 1),
(157, 'M237', 30, 700, 49, 700, 49, 1),
(157, 'M205', 34, 700, 49, 700, 49, 1),
(157, 'M267', 28, 700, 49, 700, 49, 1),
(157, 'M258', 44, 700, 49, 700, 49, 1),
(157, 'M259', 34, 700, 49, 700, 49, 1),
(157, 'M232', 31, 700, 49, 700, 49, 1),
(157, 'M260', 25, 700, 49, 700, 49, 1),
(157, 'M226', 33, 700, 49, 700, 49, 1),
(157, 'M249', 23, 700, 49, 700, 49, 1),
(157, 'M257', 36, 700, 49, 700, 49, 1),
(157, 'M270', 39, 700, 49, 700, 49, 1),
(157, 'M248', 42, 700, 49, 700, 49, 1),
(158, 'V054', 6, 600, 42, 600, 42, 1),
(158, 'V055', 54, 600, 42, 600, 42, 1),
(158, 'V055', 2, 600, 42, 600, 42, 1),
(158, 'V055', 13, 600, 42, 600, 42, 1),
(158, '3391', 33, 500, 35, 500, 35, 1),
(158, '3390', 30, 500, 35, 500, 35, 1),
(158, '3390', 53, 500, 35, 500, 35, 1),
(158, '3381', 52, 500, 35, 500, 35, 1),
(158, '3386', 20, 500, 35, 500, 35, 1),
(158, '3386', 4, 500, 35, 500, 35, 1),
(158, '3381', 5, 500, 35, 500, 35, 1),
(158, '1213', 26, 600, 42, 600, 42, 1),
(158, '1213', 14, 600, 42, 600, 42, 1),
(158, '3387', 30, 700, 49, 700, 49, 1),
(158, '1215', 27, 800, 56, 800, 56, 1),
(158, '4026', 25, 500, 35, 500, 35, 1),
(158, '4026', 35, 500, 35, 500, 35, 1),
(158, '4037', 30, 400, 28, 400, 28, 1),
(158, '4037', 25, 400, 28, 400, 28, 1),
(158, '3362', 12, 400, 28, 400, 28, 1),
(158, '3362', 14, 400, 28, 400, 28, 1),
(158, '3362', 45, 400, 28, 400, 28, 1),
(158, '3377', 35, 500, 35, 500, 35, 1),
(158, '3376', 31, 500, 35, 500, 35, 1),
(158, '3394', 29, 700, 49, 700, 49, 1),
(158, '3394', 53, 700, 49, 700, 49, 1),
(159, 'F308', 29, 700, 49, 700, 49, 1),
(159, 'F297', 25, 700, 49, 700, 49, 1),
(159, 'F299', 30, 700, 49, 700, 49, 1),
(159, 'M274', 72, 700, 49, 700, 49, 1),
(159, 'M275', 82, 700, 49, 700, 49, 1),
(159, 'M225', 31, 700, 49, 700, 49, 1),
(159, 'M265', 25, 700, 49, 700, 49, 1),
(159, 'M210', 25, 700, 49, 700, 49, 1),
(159, 'M203', 25, 700, 49, 700, 49, 1),
(159, 'M273', 36, 700, 49, 700, 49, 1),
(159, '6094', 67, 1190, 83.3, 1190, 83.3, 1),
(159, '4035', 91, 400, 28, 400, 28, 1),
(159, '3362', 33, 400, 28, 400, 28, 1),
(160, 'M251', 43, 700, 49, 700, 49, 1),
(160, 'M238', 30, 700, 49, 700, 49, 1),
(160, 'M202', 30, 700, 49, 700, 49, 1),
(160, 'M256', 32, 700, 49, 700, 49, 1),
(160, 'M253', 46, 700, 49, 700, 49, 1),
(160, 'M268', 28, 700, 49, 700, 49, 1),
(160, 'M210', 27, 700, 49, 700, 49, 1),
(160, 'M272', 35, 700, 49, 700, 49, 1),
(160, 'M218', 54, 700, 49, 700, 49, 1),
(160, 'M203', 33, 700, 49, 700, 49, 1),
(160, 'M265', 22, 700, 49, 700, 49, 1),
(160, 'M266', 33, 700, 49, 700, 49, 1),
(160, 'M244', 30, 700, 49, 700, 49, 1),
(160, '6066', 57, 1390, 97.3, 1390, 97.3, 1),
(160, '4027', 72, 400, 28, 400, 28, 1),
(160, 'F275', 25, 700, 49, 700, 49, 1),
(160, 'F273', 25, 700, 49, 700, 49, 1),
(160, 'F302', 25, 700, 49, 700, 49, 1),
(160, 'F271', 30, 700, 49, 700, 49, 1),
(160, 'F268', 24, 700, 49, 700, 49, 1),
(160, 'F277', 25, 700, 49, 700, 49, 1),
(161, '2312', 40, 600, 42, 600, 42, 1),
(161, '8012', 46, 300, 21, 300, 21, 1),
(161, '8017', 46, 400, 28, 400, 28, 1),
(161, '8019', 47, 400, 28, 400, 28, 1),
(161, '3372', 27, 300, 21, 300, 21, 1),
(161, '3372', 39, 300, 21, 300, 21, 1),
(161, '3392', 21, 300, 21, 300, 21, 1),
(161, '4032', 50, 500, 35, 500, 35, 1),
(161, '3383', 44, 700, 49, 700, 49, 1),
(161, '6096', 40, 1390, 97.3, 1390, 97.3, 1),
(161, '3383', 40, 700, 49, 700, 49, 1),
(161, '6097', 40, 1390, 97.3, 1390, 97.3, 1),
(161, '4019', 50, 300, 21, 300, 21, 1),
(161, '1214', 100, 400, 28, 400, 28, 1),
(161, '1214', 15, 400, 28, 400, 28, 1),
(161, 'C573', 42, 280, 19.6, 280, 19.6, 1),
(161, 'C489', 83, 280, 19.6, 280, 19.6, 1),
(161, 'C155', 35, 280, 19.6, 280, 19.6, 1),
(162, '3377', 50, 500, 35, 500, 35, 1),
(162, '4026', 25, 500, 35, 500, 35, 1),
(162, '9581', 20, 2000, 140, 2000, 140, 1),
(162, '1217', 50, 300, 21, 300, 21, 1),
(162, '3292', 50, 600, 42, 600, 42, 1),
(162, '6095', 42, 1390, 97.3, 1390, 97.3, 1),
(162, 'C722', 53, 400, 28, 400, 28, 1),
(162, 'C721', 49, 400, 28, 400, 28, 1),
(162, 'C720', 80, 400, 28, 400, 28, 1),
(162, 'C712', 47, 400, 28, 400, 28, 1),
(162, 'C713', 47, 400, 28, 400, 28, 1),
(162, 'C711', 47, 230, 16.1, 230, 16.1, 1),
(162, 'C715', 72, 400, 28, 400, 28, 1),
(162, 'C714', 49, 400, 28, 400, 28, 1),
(162, '3287', 30, 800, 56, 800, 56, 1),
(162, '3288', 30, 800, 56, 800, 56, 1),
(162, '3280', 56, 500, 35, 500, 35, 1),
(162, '3279', 38, 400, 28, 400, 28, 1),
(162, '8012', 25, 300, 21, 300, 21, 1),
(162, '8013', 27, 300, 21, 300, 21, 1),
(162, '8016', 27, 300, 21, 300, 21, 1),
(162, '8014', 26, 300, 21, 300, 21, 1),
(162, '8015', 26, 300, 21, 300, 21, 1),
(162, '6095', 49, 1390, 97.3, 1390, 97.3, 1),
(162, '6676', 20, 300, 21, 300, 21, 1),
(162, '6679', 40, 600, 42, 600, 42, 1),
(163, 'C716', 49, 280, 19.6, 280, 19.6, 1),
(163, 'C700', 48, 800, 56, 800, 56, 1),
(163, 'C699', 49, 800, 56, 800, 56, 1),
(163, 'C706', 80, 500, 35, 500, 35, 1),
(163, 'C705', 45, 500, 35, 500, 35, 1),
(163, 'C707', 50, 500, 35, 500, 35, 1),
(163, 'C708', 50, 500, 35, 500, 35, 1),
(163, '4028', 30, 450, 31.5, 450, 31.5, 1),
(163, '6096', 49, 1390, 97.3, 1390, 97.3, 1),
(163, '9601', 30, 900, 63, 900, 63, 1),
(163, '9537', 30, 900, 63, 900, 63, 1),
(163, '9547', 50, 600, 42, 600, 42, 1),
(163, '9584', 49, 280, 19.6, 280, 19.6, 1),
(163, '9514', 37, 800, 56, 800, 56, 1),
(163, '9603', 50, 1300, 91, 1300, 91, 1),
(163, '5012', 100, 400, 28, 400, 28, 1),
(163, '4002', 120, 570, 39.9, 570, 39.9, 1),
(163, '9512', 50, 500, 35, 500, 35, 1),
(163, '1206', 58, 600, 42, 600, 42, 1),
(163, '2310', 49, 1000, 70, 1000, 70, 1),
(163, '3376', 50, 500, 35, 500, 35, 1),
(163, '4035', 50, 400, 28, 400, 28, 1),
(164, '2305', 109, 700, 49, 700, 49, 1),
(164, 'C631', 105, 400, 28, 400, 28, 1),
(164, 'C680', 35, 600, 42, 600, 42, 1),
(164, 'C679', 50, 600, 42, 600, 42, 1),
(164, 'C677', 48, 600, 42, 600, 42, 1),
(164, 'C633', 150, 400, 28, 400, 28, 1),
(164, 'C658', 154, 400, 28, 400, 28, 1),
(164, 'C630', 35, 300, 21, 300, 21, 1),
(164, 'C606', 37, 400, 28, 400, 28, 1),
(164, 'C499', 106, 400, 28, 400, 28, 1),
(164, 'C709', 50, 500, 35, 500, 35, 1),
(164, 'C662', 80, 400, 28, 400, 28, 1),
(164, '6679', 28, 600, 42, 600, 42, 1),
(164, '6664', 11, 500, 35, 500, 35, 1),
(164, '6663', 35, 500, 35, 500, 35, 1),
(164, 'C685', 37, 600, 42, 600, 42, 1),
(164, '3292', 240, 600, 42, 600, 42, 1),
(164, '4020', 94, 300, 21, 300, 21, 1),
(164, '4020', 66, 300, 21, 300, 21, 1),
(164, '8009', 202, 400, 28, 400, 28, 1),
(164, '8011', 180, 400, 28, 400, 28, 1),
(164, '8010', 196, 400, 28, 400, 28, 1),
(164, 'C719', 50, 280, 19.6, 280, 19.6, 1),
(165, 'V056', 20, 400, 28, 400, 28, 1),
(165, 'C703', 87, 600, 42, 600, 42, 1),
(165, 'C704', 74, 600, 42, 600, 42, 1),
(165, 'C679', 26, 600, 42, 600, 42, 1),
(165, 'C696', 50, 300, 21, 300, 21, 1),
(165, 'C534', 29, 350, 24.5, 350, 24.5, 1),
(165, 'V046', 40, 400, 28, 400, 28, 1),
(165, '5005', 33, 350, 24.5, 350, 24.5, 1),
(165, '5005', 14, 350, 24.5, 350, 24.5, 1),
(165, 'C600', 20, 200, 14, 200, 14, 1),
(165, 'C682', 25, 280, 19.6, 280, 19.6, 1),
(165, 'C132', 30, 400, 28, 400, 28, 1),
(165, 'C681', 30, 280, 19.6, 280, 19.6, 1),
(165, 'C681', 48, 280, 19.6, 280, 19.6, 1),
(165, 'C636', 20, 500, 35, 500, 35, 1),
(165, '6629', 48, 600, 42, 600, 42, 1),
(165, '6662', 42, 500, 35, 500, 35, 1),
(165, 'C410', 38, 400, 28, 400, 28, 1),
(165, 'C408', 48, 400, 28, 400, 28, 1),
(166, '5005', 4, 350, 24.5, 350, 24.5, 1),
(166, '5005', 2, 350, 24.5, 350, 24.5, 1),
(167, '2311', 47, 1190, 83.3, 1190, 83.3, 1),
(167, '2310', 21, 1000, 70, 1000, 70, 1),
(167, '3276', 79, 500, 35, 500, 35, 1),
(167, '3275', 41, 450, 31.5, 450, 31.5, 1),
(167, '3275', 24, 450, 31.5, 450, 31.5, 1),
(167, '3295', 53, 350, 24.5, 350, 24.5, 1),
(167, '3272', 70, 450, 31.5, 450, 31.5, 1),
(167, '3286', 11, 600, 42, 600, 42, 1),
(167, '3274', 67, 400, 28, 400, 28, 1),
(167, '3271', 13, 300, 21, 300, 21, 1),
(167, '3271', 80, 300, 21, 300, 21, 1),
(167, 'M250', 8, 700, 49, 700, 49, 1),
(167, 'M210', 8, 700, 49, 700, 49, 1),
(167, 'M267', 8, 700, 49, 700, 49, 1),
(167, 'F297', 3, 700, 49, 700, 49, 1),
(167, 'F280', 2, 700, 49, 700, 49, 1),
(167, 'F269', 1, 700, 49, 700, 49, 1),
(167, 'F298', 1, 700, 49, 700, 49, 1),
(167, 'F206', 8, 700, 49, 700, 49, 1),
(167, 'F288', 8, 700, 49, 700, 49, 1),
(167, 'F301', 7, 700, 49, 700, 49, 1),
(167, 'M270', 2, 700, 49, 700, 49, 1),
(167, 'V058', 27, 400, 28, 400, 28, 1),
(167, 'V047', 29, 400, 28, 400, 28, 1),
(168, 'C489', 37, 280, 19.6, 280, 19.6, 1),
(168, 'C493', 28, 280, 19.6, 280, 19.6, 1),
(168, 'C157', 32, 280, 19.6, 280, 19.6, 1),
(168, 'C650', 26, 280, 19.6, 280, 19.6, 1),
(168, 'C548', 34, 280, 19.6, 280, 19.6, 1),
(168, 'C486', 29, 280, 19.6, 280, 19.6, 1),
(168, 'C573', 9, 280, 19.6, 280, 19.6, 1),
(168, 'C159', 40, 370, 25.9, 370, 25.9, 1),
(168, 'C628', 86, 600, 42, 600, 42, 1),
(168, 'C160', 46, 370, 25.9, 370, 25.9, 1),
(168, '4018', 48, 270, 18.9, 270, 18.9, 1),
(168, '3290', 38, 370, 25.9, 370, 25.9, 1),
(168, '8008', 8, 700, 49, 700, 49, 1),
(168, '8006', 9, 700, 49, 700, 49, 1),
(168, 'M268', 1, 700, 49, 700, 49, 1),
(168, 'C156', 10, 280, 19.6, 280, 19.6, 1),
(168, 'C708', 2, 500, 35, 500, 35, 1),
(168, 'C707', 1, 500, 35, 500, 35, 1),
(168, 'C710', 1, 500, 35, 500, 35, 1),
(168, 'C628', 1, 600, 42, 600, 42, 1),
(168, 'C662', 1, 400, 28, 400, 28, 1),
(169, 'C719', 1, 280, 19.6, 280, 19.6, 1),
(170, 'C624', 30, 230, 16.1, 230, 16.1, 1),
(170, '3375', 20, 550, 38.5, 550, 38.5, 1),
(170, '9563', 30, 700, 49, 700, 49, 1),
(170, '5504', 50, 600, 42, 600, 42, 1),
(170, '5012', 50, 400, 28, 400, 28, 1),
(170, '3279', 100, 400, 28, 400, 28, 1),
(170, '3280', 50, 500, 35, 500, 35, 1),
(170, '3280', 50, 500, 35, 500, 35, 1),
(170, 'C606', 20, 400, 28, 400, 28, 1),
(170, '9595', 30, 600, 42, 600, 42, 1),
(171, '4032', 50, 500, 35, 500, 35, 1),
(172, 'F269', 5, 700, 49, 700, 49, 1),
(172, 'F273', 6, 700, 49, 700, 49, 1),
(172, 'F275', 6, 700, 49, 700, 49, 1),
(172, 'F276', 6, 700, 49, 700, 49, 1),
(172, 'F277', 6, 700, 49, 700, 49, 1),
(172, 'F278', 6, 700, 49, 700, 49, 1),
(172, 'F275', 4, 700, 49, 700, 49, 1),
(172, 'F276', 4, 700, 49, 700, 49, 1),
(172, 'F277', 5, 700, 49, 700, 49, 1),
(172, 'F278', 4, 700, 49, 700, 49, 1),
(172, '9563', 2, 700, 49, 700, 49, 1),
(173, '9563', 1, 700, 49, 700, 49, 1),
(173, '9523', 9, 500, 35, 500, 35, 1),
(173, '9518', 7, 800, 56, 800, 56, 1),
(173, '9518', 4, 800, 56, 800, 56, 1),
(173, '9606', 5, 900, 63, 900, 63, 1),
(173, '9606', 4, 900, 63, 900, 63, 1),
(173, '9606', 2, 900, 63, 900, 63, 1),
(173, '5504', 5, 600, 42, 600, 42, 1),
(173, '9564', 7, 700, 49, 700, 49, 1),
(173, '9602', 15, 800, 56, 800, 56, 1),
(173, '5509', 18, 800, 56, 800, 56, 1),
(173, '9603', 7, 1300, 91, 1300, 91, 1),
(174, 'C691', 14, 230, 16.1, 230, 16.1, 1),
(174, 'C690', 13, 230, 16.1, 230, 16.1, 1),
(174, 'C689', 20, 230, 16.1, 230, 16.1, 1),
(174, 'C688', 12, 230, 16.1, 230, 16.1, 1),
(174, 'C687', 10, 230, 16.1, 230, 16.1, 1),
(174, 'C687', 25, 230, 16.1, 230, 16.1, 1),
(174, 'C688', 12, 230, 16.1, 230, 16.1, 1),
(174, 'C689', 11, 230, 16.1, 230, 16.1, 1),
(174, 'C690', 12, 230, 16.1, 230, 16.1, 1),
(174, 'C691', 11, 230, 16.1, 230, 16.1, 1),
(174, '8007', 3, 700, 49, 700, 49, 1),
(174, '6678', 33, 300, 21, 300, 21, 1),
(174, '6677', 25, 300, 21, 300, 21, 1),
(174, '6676', 14, 300, 21, 300, 21, 1),
(174, '6675', 16, 300, 21, 300, 21, 1),
(174, '6672', 19, 300, 21, 300, 21, 1),
(174, '6674', 25, 300, 21, 300, 21, 1),
(174, '6673', 13, 300, 21, 300, 21, 1),
(174, '6672', 11, 300, 21, 300, 21, 1),
(174, '9607', 11, 800, 56, 800, 56, 1),
(174, '1218', 13, 600, 42, 600, 42, 1),
(174, '1219', 18, 500, 35, 500, 35, 1),
(174, '3385', 6, 500, 35, 500, 35, 1),
(174, '3380', 7, 500, 35, 500, 35, 1),
(175, '3381', 5, 500, 35, 500, 35, 1),
(175, '3384', 2, 700, 49, 700, 49, 1),
(175, 'C507', 3, 230, 16.1, 230, 16.1, 1),
(175, '3384', 1, 700, 49, 700, 49, 1),
(175, '3389', 5, 500, 35, 500, 35, 1),
(175, '3386', 5, 500, 35, 500, 35, 1),
(175, '3394', 5, 700, 49, 700, 49, 1),
(175, '3362', 5, 400, 28, 400, 28, 1),
(175, '9514', 6, 800, 56, 800, 56, 1),
(175, '3394', 1, 700, 49, 700, 49, 1),
(175, '3389', 1, 500, 35, 500, 35, 1),
(175, '3386', 1, 500, 35, 500, 35, 1),
(175, 'S002', 3, 300, 21, 300, 21, 1),
(175, 'C302', 6, 230, 16.1, 230, 16.1, 1),
(175, '3382', 8, 600, 42, 600, 42, 1),
(175, '3390', 8, 500, 35, 500, 35, 1),
(175, 'C669', 19, 300, 21, 300, 21, 1),
(175, '8012', 11, 300, 21, 300, 21, 1),
(175, '8013', 11, 300, 21, 300, 21, 1),
(175, '8014', 12, 300, 21, 300, 21, 1),
(176, 'M265', 9, 700, 49, 700, 49, 1),
(177, 'M266', 5, 700, 49, 700, 49, 1),
(178, 'M269', 11, 700, 49, 700, 49, 1),
(179, 'M250', 7, 700, 49, 700, 49, 1),
(179, '6077', 5, 1000, 70, 1000, 70, 1),
(179, 'F297', 1, 700, 49, 700, 49, 1),
(179, 'F296', 5, 700, 49, 700, 49, 1),
(179, 'F294', 10, 700, 49, 700, 49, 1),
(179, 'F290', 10, 700, 49, 700, 49, 1),
(179, 'F289', 5, 700, 49, 700, 49, 1),
(179, 'F288', 10, 700, 49, 700, 49, 1),
(179, 'F286', 3, 700, 49, 700, 49, 1),
(179, 'F284', 12, 700, 49, 700, 49, 1),
(179, 'F281', 1, 700, 49, 700, 49, 1),
(179, '6094', 3, 1190, 83.3, 1190, 83.3, 1),
(179, 'F308', 2, 700, 49, 700, 49, 1),
(179, 'F307', 3, 700, 49, 700, 49, 1),
(179, 'F306', 4, 700, 49, 700, 49, 1),
(179, 'F304', 6, 700, 49, 700, 49, 1),
(179, 'F303', 5, 700, 49, 700, 49, 1),
(179, 'F302', 11, 700, 49, 700, 49, 1),
(179, 'F301', 4, 700, 49, 700, 49, 1),
(179, 'F300', 4, 700, 49, 700, 49, 1),
(179, 'F299', 13, 700, 49, 700, 49, 1),
(179, 'F298', 4, 700, 49, 700, 49, 1),
(179, '6066', 10, 1390, 97.3, 1390, 97.3, 1),
(179, '6081', 8, 900, 63, 900, 63, 1),
(179, '6082', 8, 900, 63, 900, 63, 1),
(180, '4027', 1, 400, 28, 400, 28, 1),
(180, '2305', 1, 700, 49, 700, 49, 1),
(180, 'V044', 1, 600, 42, 600, 42, 1),
(180, 'V053', 3, 600, 42, 600, 42, 1),
(180, 'V055', 5, 600, 42, 600, 42, 1),
(180, 'V044', 3, 600, 42, 600, 42, 1),
(180, 'V053', 2, 600, 42, 600, 42, 1),
(180, '1213', 19, 600, 42, 600, 42, 1),
(180, '4031', 1, 500, 35, 500, 35, 1),
(180, '1213', 2, 600, 42, 600, 42, 1),
(180, '1215', 12, 800, 56, 800, 56, 1),
(180, '1215', 2, 800, 56, 800, 56, 1),
(180, '1215', 5, 800, 56, 800, 56, 1),
(180, '1212', 17, 600, 42, 600, 42, 1),
(180, '1214', 2, 400, 28, 400, 28, 1),
(180, '1214', 12, 400, 28, 400, 28, 1),
(180, '9594', 6, 600, 42, 600, 42, 1),
(180, '9594', 4, 600, 42, 600, 42, 1),
(180, '9547', 22, 600, 42, 600, 42, 1),
(180, '9547', 8, 600, 42, 600, 42, 1),
(180, '9512', 8, 500, 35, 500, 35, 1),
(180, '1206', 2, 600, 42, 600, 42, 1),
(180, '1206', 4, 600, 42, 600, 42, 1),
(181, '9532', 12, 500, 35, 500, 35, 1),
(182, '9532', 12, 500, 35, 500, 35, 1),
(183, '1218', 1, 600, 42, 600, 42, 1),
(183, '2307', 1, 600, 42, 600, 42, 1),
(183, '2307', 16, 1000, 70, 1000, 70, 1),
(183, '2307', 2, 1000, 70, 1000, 70, 1),
(183, '2309', 17, 1000, 70, 1000, 70, 1),
(183, '3274', 2, 400, 28, 400, 28, 1),
(183, '3274', 1, 400, 28, 400, 28, 1),
(183, '3274', 1, 400, 28, 400, 28, 1),
(183, '4035', 1, 400, 28, 400, 28, 1),
(183, '2303', 10, 1290, 90.3, 1290, 90.3, 1),
(183, '2302', 15, 1290, 90.3, 1290, 90.3, 1),
(183, '2311', 8, 1190, 83.3, 1190, 83.3, 1),
(183, '2311', 1, 1190, 83.3, 1190, 83.3, 1),
(183, '2310', 8, 1000, 70, 1000, 70, 1),
(183, '2310', 2, 1000, 70, 1000, 70, 1),
(183, '3271', 4, 300, 21, 300, 21, 1),
(183, '3271', 2, 300, 21, 300, 21, 1),
(183, '2308', 11, 1190, 83.3, 1190, 83.3, 1),
(183, '2308', 8, 1190, 83.3, 1190, 83.3, 1),
(183, '2300', 19, 1190, 83.3, 1190, 83.3, 1),
(183, '2305', 14, 700, 49, 700, 49, 1),
(183, '3280', 19, 500, 35, 500, 35, 1),
(183, '2305', 14, 700, 49, 700, 49, 1),
(183, '3280', 19, 500, 35, 500, 35, 1),
(184, 'F210', 10, 700, 49, 700, 49, 1),
(184, 'F204', 2, 700, 49, 700, 49, 1),
(184, 'F204', 7, 700, 49, 700, 49, 1),
(184, 'F207', 6, 700, 49, 700, 49, 1),
(184, 'F207', 2, 700, 49, 700, 49, 1),
(184, 'F207', 3, 700, 49, 700, 49, 1),
(184, 'F208', 2, 700, 49, 700, 49, 1),
(184, 'F211', 2, 700, 49, 700, 49, 1),
(184, 'F211', 2, 700, 49, 700, 49, 1),
(184, 'F211', 1, 700, 49, 700, 49, 1),
(184, 'M248', 1, 700, 49, 700, 49, 1),
(184, 'F214', 6, 700, 49, 700, 49, 1),
(184, 'F214', 5, 700, 49, 700, 49, 1),
(184, 'F221', 3, 700, 49, 700, 49, 1),
(184, 'F222', 4, 700, 49, 700, 49, 1),
(184, 'F225', 3, 700, 49, 700, 49, 1),
(184, 'F229', 5, 700, 49, 700, 49, 1),
(184, 'F221', 6, 700, 49, 700, 49, 1),
(184, 'F222', 6, 700, 49, 700, 49, 1),
(184, 'F225', 6, 700, 49, 700, 49, 1),
(184, 'F229', 6, 700, 49, 700, 49, 1),
(184, 'F233', 6, 700, 49, 700, 49, 1),
(184, 'F249', 6, 700, 49, 700, 49, 1),
(184, 'F256', 6, 700, 49, 700, 49, 1),
(184, 'F258', 6, 700, 49, 700, 49, 1),
(184, 'F249', 5, 700, 49, 700, 49, 1),
(184, 'F256', 1, 700, 49, 700, 49, 1),
(184, 'F258', 2, 700, 49, 700, 49, 1),
(185, '9530', 1, 500, 35, 500, 35, 1),
(185, '9608', 1, 500, 35, 500, 35, 1),
(185, '9512', 1, 500, 35, 500, 35, 1),
(185, '9547', 1, 600, 42, 600, 42, 1),
(185, '3293', 1, 300, 21, 300, 21, 1),
(185, '3280', 1, 500, 35, 500, 35, 1),
(185, '3275', 1, 450, 31.5, 450, 31.5, 1),
(185, '3278', 1, 500, 35, 500, 35, 1),
(185, '3276', 1, 500, 35, 500, 35, 1),
(185, '3385', 1, 500, 35, 500, 35, 1),
(185, '3386', 1, 500, 35, 500, 35, 1),
(185, '3388', 1, 500, 35, 500, 35, 1),
(185, '3389', 1, 500, 35, 500, 35, 1),
(185, '3380', 1, 500, 35, 500, 35, 1),
(185, '3381', 1, 500, 35, 500, 35, 1),
(185, 'F293', 1, 0, 0, 0, 0, 1),
(185, 'F293', 1, 0, 0, 0, 0, 1),
(185, 'M205', 1, 700, 49, 700, 49, 1),
(185, 'M208', 1, 700, 49, 700, 49, 1),
(185, 'M202', 1, 700, 49, 700, 49, 1),
(185, 'M208', 1, 700, 49, 700, 49, 1),
(185, 'F292', 1, 700, 49, 700, 49, 1),
(185, 'F295', 1, 700, 49, 700, 49, 1),
(185, 'C715', 1, 400, 28, 400, 28, 1),
(186, 'C637', 7, 500, 35, 500, 35, 1),
(186, 'C680', 7, 600, 42, 600, 42, 1),
(186, 'C677', 1, 600, 42, 600, 42, 1),
(186, 'C696', 33, 300, 21, 300, 21, 1),
(186, 'C150', 22, 600, 42, 600, 42, 1),
(186, '6663', 13, 500, 35, 500, 35, 1),
(186, 'C633', 22, 400, 28, 400, 28, 1),
(186, '6679', 12, 600, 42, 600, 42, 1),
(186, 'C662', 23, 400, 28, 400, 28, 1),
(186, '6629', 4, 600, 42, 600, 42, 1),
(186, 'C636', 4, 500, 35, 500, 35, 1),
(186, 'C637', 8, 500, 35, 500, 35, 1),
(186, 'C507', 11, 230, 16.1, 230, 16.1, 1),
(186, 'C066', 4, 230, 16.1, 230, 16.1, 1),
(186, 'G013', 15, 4900, 343, 4900, 343, 1),
(186, 'F277', 2, 700, 49, 700, 49, 1),
(186, 'F293', 2, 700, 49, 700, 49, 1),
(187, '6679', 12, 600, 42, 600, 42, 1),
(188, 'C066', 4, 230, 16.1, 230, 16.1, 1),
(189, 'C651', 45, 280, 19.6, 280, 19.6, 1),
(189, 'C563', 38, 280, 19.6, 280, 19.6, 1),
(189, 'C484', 40, 280, 19.6, 280, 19.6, 1),
(189, 'C488', 36, 280, 19.6, 280, 19.6, 1),
(189, 'C493', 18, 280, 19.6, 280, 19.6, 1),
(189, 'C157', 18, 280, 19.6, 280, 19.6, 1),
(189, 'C573', 13, 280, 19.6, 280, 19.6, 1),
(189, 'C489', 9, 280, 19.6, 280, 19.6, 1),
(189, 'C657', 17, 400, 28, 400, 28, 1),
(189, 'C628', 11, 600, 42, 600, 42, 1),
(189, 'C630', 14, 300, 21, 300, 21, 1),
(189, 'C658', 11, 400, 28, 400, 28, 1),
(189, 'C606', 8, 400, 28, 400, 28, 1),
(189, 'C631', 12, 400, 28, 400, 28, 1),
(189, 'AX000018', 69, 200, 14, 200, 14, 1),
(190, '3383', 4, 700, 49, 700, 49, 1),
(190, '3388', 6, 500, 35, 500, 35, 1),
(190, '3388', 1, 500, 35, 500, 35, 1),
(190, '3375', 4, 550, 38.5, 550, 38.5, 1),
(190, '3393', 8, 700, 49, 700, 49, 1),
(190, '3377', 5, 500, 35, 500, 35, 1),
(190, '3376', 5, 500, 35, 500, 35, 1),
(190, '4019', 13, 300, 21, 300, 21, 1),
(190, '3293', 13, 300, 21, 300, 21, 1),
(190, '1209', 17, 300, 21, 300, 21, 1),
(190, '3295', 10, 350, 24.5, 350, 24.5, 1),
(190, '3392', 21, 300, 21, 300, 21, 1),
(190, '3372', 26, 300, 21, 300, 21, 1),
(190, '3391', 12, 500, 35, 500, 35, 1),
(190, 'C649', 44, 280, 19.6, 280, 19.6, 1),
(190, 'C156', 43, 280, 19.6, 280, 19.6, 1),
(190, 'C158', 40, 280, 19.6, 280, 19.6, 1),
(190, 'C486', 40, 280, 19.6, 280, 19.6, 1),
(190, 'C650', 20, 280, 19.6, 280, 19.6, 1),
(190, 'C491', 41, 280, 19.6, 280, 19.6, 1),
(190, 'C572', 12, 280, 19.6, 280, 19.6, 1),
(190, 'C487', 25, 280, 19.6, 280, 19.6, 1),
(190, 'C155', 11, 280, 19.6, 280, 19.6, 1),
(191, '8015', 11, 300, 21, 300, 21, 1),
(191, '8016', 12, 300, 21, 300, 21, 1),
(191, 'C302', 1, 230, 16.1, 230, 16.1, 1),
(191, 'C066', 1, 230, 16.1, 230, 16.1, 1),
(191, 'C302', 6, 230, 16.1, 230, 16.1, 1),
(191, 'C316', 25, 230, 16.1, 230, 16.1, 1),
(191, 'C504', 22, 230, 16.1, 230, 16.1, 1),
(191, 'C566', 23, 230, 16.1, 230, 16.1, 1),
(191, 'C570', 19, 230, 16.1, 230, 16.1, 1),
(191, 'C622', 8, 230, 16.1, 230, 16.1, 1),
(191, 'C623', 23, 230, 16.1, 230, 16.1, 1),
(191, 'C642', 15, 230, 16.1, 230, 16.1, 1),
(191, 'C643', 11, 230, 16.1, 230, 16.1, 1),
(191, 'C644', 23, 230, 16.1, 230, 16.1, 1),
(191, 'C645', 17, 230, 16.1, 230, 16.1, 1),
(191, 'C646', 19, 230, 16.1, 230, 16.1, 1),
(191, 'C647', 20, 230, 16.1, 230, 16.1, 1),
(191, 'C624', 2, 230, 16.1, 230, 16.1, 1),
(192, 'F296', 2, 700, 49, 700, 49, 1),
(192, 'F292', 2, 700, 49, 700, 49, 1),
(192, 'M267', 2, 700, 49, 700, 49, 1),
(192, 'M257', 1, 700, 49, 700, 49, 1),
(192, 'M257', 1, 700, 49, 700, 49, 1),
(192, 'M268', 2, 700, 49, 700, 49, 1),
(192, 'F202', 1, 700, 49, 700, 49, 1),
(192, 'F301', 1, 700, 49, 700, 49, 1),
(192, 'F288', 1, 700, 49, 700, 49, 1),
(192, 'F297', 1, 700, 49, 700, 49, 1),
(192, 'M250', 1, 700, 49, 700, 49, 1),
(192, 'M210', 1, 700, 49, 700, 49, 1),
(192, 'M267', 1, 700, 49, 700, 49, 1),
(192, 'M258', 1, 700, 49, 700, 49, 1),
(192, 'M272', 1, 700, 49, 700, 49, 1),
(192, 'M208', 1, 700, 49, 700, 49, 1),
(192, 'F258', 1, 700, 49, 700, 49, 1),
(192, 'F294', 1, 700, 49, 700, 49, 1),
(192, 'F277', 1, 700, 49, 700, 49, 1),
(192, 'F296', 1, 700, 49, 700, 49, 1),
(192, 'AX002011', 9, 1715, 120.05, 1715, 120.05, 1),
(193, 'F206', 1, 700, 49, 700, 49, 1),
(194, 'M255', 6, 700, 49, 700, 49, 1),
(194, 'M248', 6, 700, 49, 700, 49, 1),
(194, 'M249', 4, 700, 49, 700, 49, 1),
(194, 'M249', 4, 700, 49, 700, 49, 1),
(194, 'M249', 2, 700, 49, 700, 49, 1),
(194, 'M254', 3, 700, 49, 700, 49, 1),
(194, 'M254', 6, 700, 49, 700, 49, 1),
(194, 'M254', 1, 700, 49, 700, 49, 1),
(194, 'M253', 6, 700, 49, 700, 49, 1),
(194, 'M253', 3, 700, 49, 700, 49, 1),
(194, 'M253', 1, 700, 49, 700, 49, 1),
(194, 'M251', 4, 700, 49, 700, 49, 1),
(194, 'M251', 1, 700, 49, 700, 49, 1),
(194, 'M251', 2, 700, 49, 700, 49, 1),
(194, 'M255', 5, 700, 49, 700, 49, 1),
(194, 'M252', 2, 700, 49, 700, 49, 1),
(194, 'M252', 1, 700, 49, 700, 49, 1),
(194, 'M257', 3, 700, 49, 700, 49, 1),
(194, 'M257', 3, 700, 49, 700, 49, 1),
(194, 'M250', 1, 700, 49, 700, 49, 1),
(194, 'M248', 1, 700, 49, 700, 49, 1),
(194, 'F200', 2, 700, 49, 700, 49, 1),
(194, 'F201', 3, 700, 49, 700, 49, 1),
(194, 'F201', 2, 700, 49, 700, 49, 1),
(194, 'F203', 2, 700, 49, 700, 49, 1),
(194, 'F206', 8, 700, 49, 700, 49, 1),
(194, 'F209', 6, 700, 49, 700, 49, 1),
(195, 'C654', 6, 350, 24.5, 350, 24.5, 1),
(195, 'C652', 7, 350, 24.5, 350, 24.5, 1),
(195, 'C653', 21, 350, 24.5, 350, 24.5, 1),
(195, 'M201', 6, 700, 49, 700, 49, 1),
(195, 'M202', 6, 700, 49, 700, 49, 1),
(195, 'M204', 6, 700, 49, 700, 49, 1),
(195, 'M205', 6, 700, 49, 700, 49, 1),
(195, 'M208', 5, 700, 49, 700, 49, 1),
(195, 'M210', 6, 700, 49, 700, 49, 1),
(195, 'M218', 6, 700, 49, 700, 49, 1),
(195, 'M222', 6, 700, 49, 700, 49, 1),
(195, 'M225', 6, 700, 49, 700, 49, 1),
(195, 'M226', 6, 700, 49, 700, 49, 1),
(195, 'M232', 6, 700, 49, 700, 49, 1),
(195, 'M237', 6, 700, 49, 700, 49, 1),
(195, 'M238', 6, 700, 49, 700, 49, 1),
(195, 'M239', 4, 700, 49, 700, 49, 1),
(195, 'M243', 6, 700, 49, 700, 49, 1),
(195, 'M244', 6, 700, 49, 700, 49, 1),
(195, 'M245', 6, 700, 49, 700, 49, 1),
(195, 'M201', 4, 700, 49, 700, 49, 1),
(195, 'M202', 2, 700, 49, 700, 49, 1),
(195, 'M205', 2, 700, 49, 700, 49, 1),
(195, 'M208', 2, 700, 49, 700, 49, 1),
(195, 'M200', 1, 700, 49, 700, 49, 1),
(195, 'M218', 2, 700, 49, 700, 49, 1),
(195, 'M237', 3, 700, 49, 700, 49, 1),
(196, 'M222', 4, 700, 49, 700, 49, 1),
(196, 'M225', 2, 700, 49, 700, 49, 1),
(196, 'M226', 1, 700, 49, 700, 49, 1),
(196, 'M232', 1, 700, 49, 700, 49, 1),
(196, 'M238', 3, 700, 49, 700, 49, 1),
(196, 'M243', 1, 700, 49, 700, 49, 1),
(196, 'M243', 3, 700, 49, 700, 49, 1),
(196, 'M244', 3, 700, 49, 700, 49, 1),
(196, 'M245', 1, 700, 49, 700, 49, 1),
(196, 'V056', 2, 400, 28, 400, 28, 1),
(196, 'V056', 6, 400, 28, 400, 28, 1),
(196, 'V058', 2, 400, 28, 400, 28, 1),
(196, 'V058', 4, 400, 28, 400, 28, 1),
(196, 'V047', 13, 400, 28, 400, 28, 1),
(196, 'V047', 1, 400, 28, 400, 28, 1),
(196, 'V047', 1, 400, 28, 400, 28, 1),
(196, '9545', 7, 2000, 140, 2000, 140, 1),
(196, '9545', 1, 2000, 140, 2000, 140, 1),
(196, 'M202', 1, 700, 49, 700, 49, 1),
(196, 'M204', 1, 700, 49, 700, 49, 1),
(196, 'M205', 1, 700, 49, 700, 49, 1),
(196, 'M250', 4, 700, 49, 700, 49, 1),
(196, 'M256', 6, 700, 49, 700, 49, 1),
(197, '8018', 4, 400, 28, 400, 28, 1),
(198, 'C534', 16, 350, 24.5, 350, 24.5, 1),
(198, '6600', 23, 1290, 90.3, 1290, 90.3, 1),
(198, 'C677', 1, 600, 42, 600, 42, 1),
(198, '7008', 3, 600, 42, 600, 42, 1),
(198, 'C402', 18, 350, 24.5, 350, 24.5, 1),
(198, 'C402', 12, 350, 24.5, 350, 24.5, 1),
(198, 'C403', 12, 350, 24.5, 350, 24.5, 1),
(198, 'C403', 7, 350, 24.5, 350, 24.5, 1),
(198, 'C405', 32, 350, 24.5, 350, 24.5, 1),
(198, 'C405', 6, 350, 24.5, 350, 24.5, 1),
(198, 'C406', 22, 350, 24.5, 350, 24.5, 1),
(198, 'C406', 12, 350, 24.5, 350, 24.5, 1),
(198, 'C533', 6, 350, 24.5, 350, 24.5, 1),
(198, 'C533', 9, 350, 24.5, 350, 24.5, 1),
(198, 'C654', 20, 350, 24.5, 350, 24.5, 1),
(198, 'C652', 11, 350, 24.5, 350, 24.5, 1),
(199, 'C681', 10, 280, 19.6, 280, 19.6, 1),
(199, 'C132', 67, 400, 28, 400, 28, 1),
(199, 'C600', 30, 200, 14, 200, 14, 1),
(199, '4018', 29, 270, 18.9, 270, 18.9, 1),
(199, 'C682', 33, 280, 19.6, 280, 19.6, 1),
(199, '3290', 54, 370, 25.9, 370, 25.9, 1),
(199, '3612', 20, 800, 56, 800, 56, 1),
(200, '1217', 12, 300, 21, 300, 21, 1),
(200, '1216', 45, 400, 28, 400, 28, 1),
(200, '3293', 90, 300, 21, 300, 21, 1),
(200, '1209', 51, 300, 21, 300, 21, 1),
(200, '1209', 45, 300, 21, 300, 21, 1),
(200, '4019', 30, 300, 21, 300, 21, 1),
(201, 'C705', 1, 500, 35, 500, 35, 1),
(201, '6679', 1, 600, 42, 600, 42, 1),
(201, 'C704', 1, 600, 42, 600, 42, 1),
(201, 'C662', 1, 400, 28, 400, 28, 1),
(201, 'C628', 1, 600, 42, 600, 42, 1),
(201, 'C679', 1, 600, 42, 600, 42, 1),
(201, '9563', 1, 700, 49, 700, 49, 1),
(202, 'C678', 1, 600, 42, 600, 42, 1),
(203, '3362', 38, 400, 28, 400, 28, 1),
(203, '4035', 97, 400, 28, 400, 28, 1),
(203, '2703', 50, 500, 35, 500, 35, 1),
(203, '2703', 5, 500, 35, 500, 35, 1),
(203, '2804', 31, 500, 35, 500, 35, 1),
(203, '4034', 71, 200, 14, 200, 14, 1),
(204, '9595', 39, 600, 42, 600, 42, 1),
(205, 'C679', 1, 600, 42, 600, 42, 1),
(206, '9611', 1, 1000, 70, 1000, 70, 1),
(207, 'V060', 1, 400, 28, 400, 28, 1),
(208, 'C719', 1, 280, 19.6, 280, 19.6, 1),
(208, 'C717', 1, 280, 19.6, 280, 19.6, 1),
(209, 'V059', 2, 280, 19.6, 280, 19.6, 1),
(210, '3297', 50, 300, 21, 300, 21, 1),
(211, '2608', 50, 220.5, 15.44, 220.5, 15.44, 1),
(212, '2704', 50, 220.5, 15.44, 220.5, 15.44, 1),
(213, '2805', 50, 500, 35, 500, 35, 1),
(214, 'AC1022', 25, 500, 35, 500, 35, 1),
(215, '1212', 30, 600, 42, 600, 42, 1),
(216, '3380', 30, 500, 35, 500, 35, 1),
(217, '9514', 34, 800, 56, 800, 56, 1),
(218, '4041', 50, 450, 31.5, 450, 31.5, 1),
(219, '9601', 40, 900, 63, 900, 63, 1),
(220, '9608', 47, 500, 35, 500, 35, 1),
(221, '9537', 40, 900, 63, 900, 63, 1),
(222, '9612', 50, 900, 63, 900, 63, 1),
(223, '3385', 30, 500, 35, 500, 35, 1),
(224, '2608', 20, 500, 35, 500, 35, 1),
(225, '5505', 26, 700, 49, 700, 49, 1),
(226, '3280', 30, 500, 35, 500, 35, 1),
(227, '3293', 30, 300, 21, 300, 21, 1),
(228, '3293', 30, 300, 21, 300, 21, 1),
(229, '3275', 30, 450, 31.5, 450, 31.5, 1),
(230, '4040', 47, 600, 42, 600, 42, 1),
(231, '2608', 30, 500, 35, 500, 35, 1),
(231, '3386', 30, 500, 35, 500, 35, 1),
(232, 'Z338', 1, 20, 1.4, 20, 1.4, 0),
(233, '1208', 1, 400, 28, 400, 28, 0),
(234, '1211', 58, 200, 14, 200, 14, 1),
(235, '9589', 20, 900, 63, 900, 63, 1),
(235, '9599', 30, 700, 49, 700, 49, 1),
(235, '6095', 23, 1390, 97.3, 1390, 97.3, 1),
(235, '6084', 15, 1000, 70, 1000, 70, 1),
(235, '6084', 5, 1000, 70, 1000, 70, 1),
(235, '6096', 40, 1390, 97.3, 1390, 97.3, 1),
(235, 'V055', 30, 600, 42, 600, 42, 1),
(235, 'V054', 30, 600, 42, 600, 42, 1),
(235, 'G013', 5, 4900, 343, 4900, 343, 1),
(235, '6097', 57, 1390, 97.3, 1390, 97.3, 1),
(235, '1220', 30, 1900, 133, 1900, 133, 1),
(235, '1215', 30, 800, 56, 800, 56, 1),
(235, '1207', 40, 450, 31.5, 450, 31.5, 1),
(235, '1212', 30, 600, 42, 600, 42, 1),
(235, '9532', 48, 600, 42, 600, 42, 1),
(235, '3277', 40, 500, 35, 500, 35, 1),
(235, 'F258', 30, 700, 49, 700, 49, 1),
(235, '1206', 40, 600, 42, 600, 42, 1),
(235, '9611', 40, 1000, 70, 1000, 70, 1),
(235, '9598', 30, 700, 49, 700, 49, 1),
(235, '5505', 30, 700, 49, 700, 49, 1),
(235, '9532', 2, 600, 42, 600, 42, 1),
(235, '9607', 30, 900, 63, 900, 63, 1),
(235, '9514', 30, 650, 45.5, 650, 45.5, 1),
(235, '6086', 20, 1390, 97.3, 1390, 97.3, 1),
(235, 'V046', 30, 400, 28, 400, 28, 1),
(235, 'C681', 50, 280, 19.6, 280, 19.6, 1),
(235, 'C682', 50, 280, 19.6, 280, 19.6, 1),
(235, 'C710', 50, 500, 35, 500, 35, 1),
(235, '7008', 20, 600, 42, 600, 42, 1),
(236, '3296', 50, 400, 28, 400, 28, 1),
(237, 'AX00203', 51, 80, 5.6, 80, 5.6, 1),
(237, 'AX00202', 201, 80, 5.6, 80, 5.6, 1),
(237, 'AX00201', 175, 80, 5.6, 80, 5.6, 1),
(237, 'AX00197', 87, 80, 5.6, 80, 5.6, 1),
(237, 'AX00196', 88, 80, 5.6, 80, 5.6, 1),
(237, 'AX00195', 86, 80, 5.6, 80, 5.6, 1),
(237, 'AX00185', 9, 80, 5.6, 80, 5.6, 1),
(237, 'AX00184', 8, 80, 5.6, 80, 5.6, 1),
(237, 'AX00183', 10, 80, 5.6, 80, 5.6, 1),
(237, 'AX00143', 5, 80, 5.6, 80, 5.6, 1),
(237, 'X309', 7, 80, 5.6, 80, 5.6, 1),
(237, 'X308', 53, 80, 5.6, 80, 5.6, 1),
(237, 'X301', 6, 80, 5.6, 80, 5.6, 1),
(237, 'Z315', 49, 80, 5.6, 80, 5.6, 1),
(237, 'Z303', 49, 80, 5.6, 80, 5.6, 1),
(238, 'M245A', 34, 250, 17.5, 175, 12.25, 1),
(238, 'M232A', 57, 250, 17.5, 175, 12.25, 1),
(238, 'M200A', 42, 250, 17.5, 175, 12.25, 1),
(238, 'F305A', 14, 250, 17.5, 175, 12.25, 1),
(238, 'F268A', 2, 250, 17.5, 175, 12.25, 1),
(238, 'F202A', 11, 250, 17.5, 175, 12.25, 1),
(239, '3297', 50, 300, 21, 210, 14.7, 1),
(240, '3297', 5, 300, 21, 210, 14.7, 1),
(240, 'V046', 5, 400, 28, 280, 19.6, 1),
(240, '6674', 5, 290, 20.3, 203, 14.21, 1),
(240, '6673', 5, 290, 20.3, 203, 14.21, 1),
(240, '4020', 5, 300, 21, 210, 14.7, 1),
(240, '4002', 10, 530, 37.1, 371, 25.97, 1),
(240, '3377', 5, 450, 31.5, 315, 22.05, 1),
(240, '3376', 5, 450, 31.5, 315, 22.05, 1),
(240, '3383', 5, 500, 35, 350, 24.5, 1),
(240, '3384', 5, 500, 35, 350, 24.5, 1),
(240, '3375', 5, 500, 35, 350, 24.5, 1),
(240, 'C600', 5, 200, 14, 140, 9.8, 1),
(240, '9608', 10, 480, 33.6, 336, 23.52, 1),
(240, '9564', 5, 700, 49, 490, 34.3, 1),
(241, '4039', 70, 600, 42, 600, 42, 1),
(241, '3375', 30, 500, 35, 500, 35, 1),
(241, '3296', 80, 400, 28, 400, 28, 1),
(241, 'AX00179', 20, 300, 21, 300, 21, 1),
(241, 'C654', 20, 300, 21, 300, 21, 1),
(241, 'C533', 20, 300, 21, 300, 21, 1),
(241, '9612', 50, 900, 63, 900, 63, 1),
(241, '3297', 50, 300, 21, 300, 21, 1),
(241, '6001', 50, 700, 49, 700, 49, 1),
(241, '3612', 20, 900, 63, 900, 63, 1),
(241, 'C491', 10, 270, 18.9, 270, 18.9, 1),
(242, 'C727', 20, 514.28, 36, 514.28, 36, 1),
(242, 'C725', 20, 514.28, 36, 514.28, 36, 1),
(242, 'C724', 20, 514.28, 36, 514.28, 36, 1),
(242, 'AX002019', 20, 1600, 112, 1600, 112, 1),
(242, 'C726', 20, 514.28, 36, 514.28, 36, 1),
(242, 'C723', 20, 514.28, 36, 514.28, 36, 1),
(243, 'V058', 25, 400, 28, 400, 28, 1),
(243, 'V058', 2, 400, 28, 400, 28, 1),
(243, 'V057', 5, 400, 28, 400, 28, 1),
(243, 'V057', 45, 400, 28, 400, 28, 1),
(243, 'V047', 24, 400, 28, 400, 28, 1),
(243, 'S005', 17, 400, 28, 400, 28, 1),
(243, 'S005', 30, 400, 28, 400, 28, 1),
(243, 'S002', 54, 300, 21, 300, 21, 1),
(244, 'V052', 43, 400, 28, 400, 28, 1),
(244, 'S006', 101, 230, 16.1, 230, 16.1, 1),
(245, 'G013', 12, 4550, 318.5, 4550, 318.5, 1),
(245, 'F287', 2, 650, 45.5, 650, 45.5, 1),
(245, 'F283', 5, 650, 45.5, 650, 45.5, 1),
(245, 'F305A', 13, 200, 14, 200, 14, 1),
(245, 'F279', 2, 650, 45.5, 650, 45.5, 1),
(245, 'F270', 13, 650, 45.5, 650, 45.5, 1),
(245, 'F269', 44, 650, 45.5, 650, 45.5, 1),
(245, 'F269', 3, 650, 45.5, 650, 45.5, 1),
(245, 'F269', 2, 650, 45.5, 650, 45.5, 1),
(245, 'F268A', 1, 200, 14, 200, 14, 1),
(245, 'F202A', 10, 200, 14, 200, 14, 1),
(245, 'C717', 75, 270, 18.9, 270, 18.9, 1),
(245, 'C718', 47, 270, 18.9, 270, 18.9, 1),
(245, 'C697', 21, 650, 45.5, 650, 45.5, 1),
(246, '0784', 10, 1000, 70, 1000, 70, 1),
(247, '0863', 10, 1000, 70, 1000, 70, 1),
(248, '0864', 10, 1000, 70, 1000, 70, 1),
(249, 'C571', 1, 270, 18.9, 270, 18.9, 1),
(250, '0877', 10, 2100, 147, 2100, 147, 1),
(250, '0875', 10, 1428.6, 100, 1428.6, 100, 1);

-- --------------------------------------------------------

--
-- Table structure for table `detalle_venta`
--

CREATE TABLE `detalle_venta` (
  `codv` int(11) NOT NULL,
  `codp` varchar(20) COLLATE utf8_spanish_ci NOT NULL,
  `cantidad` int(11) NOT NULL,
  `pubs` float NOT NULL,
  `pubs_cd` float NOT NULL,
  `estado` tinyint(1) NOT NULL DEFAULT 1
) ENGINE=InnoDB DEFAULT CHARSET=utf8 COLLATE=utf8_spanish_ci;

--
-- Dumping data for table `detalle_venta`
--

INSERT INTO `detalle_venta` (`codv`, `codp`, `cantidad`, `pubs`, `pubs_cd`, `estado`) VALUES
(134, '6094', 1, 83.3, 58.31, 0),
(135, 'M258', 1, 22, 22, 1),
(135, 'F309', 2, 22, 22, 1),
(135, 'M274', 2, 22, 22, 1),
(135, 'M270', 1, 22, 22, 1),
(135, 'M252', 4, 22, 22, 1),
(136, '6679', 1, 42, 29.4, 1),
(136, '9594', 1, 42, 29.4, 1),
(136, '5012', 1, 28, 19.6, 1),
(136, 'C678', 1, 42, 29.4, 1),
(136, 'C156', 1, 19.6, 13.72, 1),
(136, 'C680', 1, 42, 29.4, 1),
(136, 'C484', 1, 19.6, 13.72, 1),
(136, '4002', 1, 39.9, 27.93, 1),
(136, 'C486', 1, 19.6, 13.72, 1),
(136, '3383', 1, 49, 34.3, 1),
(136, '3384', 1, 49, 34.3, 1),
(136, 'C662', 1, 28, 19.6, 1),
(136, 'C649', 2, 19.6, 13.72, 1),
(137, '9601', 1, 35, 24.5, 0),
(137, '9537', 1, 35, 24.5, 0),
(138, '9601', 1, 35, 24.5, 1),
(138, '9537', 1, 35, 24.5, 1),
(139, '2305', 1, 49, 34.3, 1),
(139, 'C681', 1, 19.6, 13.72, 1),
(139, '1206', 4, 42, 29.4, 1),
(139, '1207', 3, 31.5, 22.05, 1),
(140, 'F203', 1, 49, 34.3, 1),
(140, 'C628', 2, 42, 29.4, 1),
(141, '2311', 3, 83.3, 58.31, 1),
(142, 'V059', 2, 19.6, 13.72, 1),
(142, '4035', 1, 28, 19.6, 1),
(142, '5012', 3, 28, 19.6, 1),
(142, '8006', 1, 49, 34.3, 1),
(142, 'C706', 1, 35, 24.5, 1),
(142, 'C710', 1, 35, 24.5, 1),
(142, 'C699', 1, 56, 39.2, 1),
(142, 'C719', 1, 19.6, 13.72, 1),
(142, 'C717', 1, 19.6, 13.72, 1),
(143, 'C712', 1, 28, 19.6, 1),
(143, 'C715', 2, 28, 19.6, 1),
(143, '3392', 1, 21, 14.7, 1),
(143, '3382', 1, 42, 29.4, 1),
(143, '4031', 1, 35, 24.5, 1),
(143, '4037', 1, 28, 19.6, 1),
(143, '4035', 1, 28, 19.6, 1),
(143, '9595', 1, 42, 29.4, 1),
(143, '9606', 1, 63, 44.1, 1),
(144, '4028', 1, 12, 12, 1),
(144, '9601', 2, 18, 18, 1),
(144, '2309', 2, 38, 38, 1),
(144, '3274', 2, 12, 12, 1),
(145, '3296', 5, 28, 19.6, 1),
(145, '3393', 2, 35, 24.5, 1),
(145, '3383', 5, 35, 24.5, 1),
(145, '1208', 1, 28, 19.6, 1),
(145, 'F281', 1, 45.5, 31.85, 1),
(145, 'F288', 1, 45.5, 31.85, 1),
(145, 'M274', 1, 45.5, 31.85, 1),
(145, '9606', 5, 63, 44.1, 1),
(145, '3277', 1, 35, 24.5, 1),
(145, '2310', 1, 77, 53.9, 1),
(145, '3297', 1, 21, 14.7, 1),
(145, '6679', 1, 42, 29.4, 1),
(145, 'C710', 1, 35, 24.5, 1),
(145, 'C600', 1, 14, 9.8, 1),
(146, 'F222', 1, 45.5, 31.85, 1),
(146, 'M264', 1, 45.5, 31.85, 1),
(146, 'M200', 1, 45.5, 31.85, 1),
(147, '9563', 1, 49, 34.3, 1),
(147, '9606', 1, 63, 44.1, 1),
(147, '5509', 1, 56, 39.2, 1),
(147, '1206', 1, 49, 34.3, 1),
(147, '3362', 2, 28, 19.6, 1),
(147, '3277', 1, 35, 24.5, 1),
(147, '3272', 1, 31.5, 22.05, 1),
(147, '3293', 1, 21, 14.7, 1),
(147, 'C646', 1, 16.1, 11.27, 1),
(147, '5504', 1, 49, 34.3, 1),
(148, '9608', 5, 33.6, 23.52, 1),
(148, '9612', 5, 63, 44.1, 1),
(148, 'C681', 5, 21, 14.7, 1),
(148, '3277', 5, 35, 24.5, 1),
(148, '3297', 5, 21, 14.7, 1),
(148, '3296', 5, 28, 19.6, 1),
(148, '5012', 5, 28, 19.6, 1),
(148, '4037', 5, 28, 19.6, 1),
(148, '4002', 5, 37.1, 25.97, 1),
(148, '4020', 5, 21, 14.7, 1),
(148, '4041', 5, 31.5, 22.05, 1),
(148, '4035', 5, 28, 19.6, 1),
(148, '3612', 5, 63, 44.1, 1),
(148, '3383', 5, 35, 24.5, 1),
(148, '3392', 5, 28, 19.6, 1),
(148, 'C706', 5, 35, 24.5, 1),
(149, '4035', 1, 28, 19.6, 1),
(149, '4002', 1, 37.1, 25.97, 1),
(149, 'C486', 1, 18.9, 13.23, 1),
(149, 'C487', 1, 18.9, 13.23, 1),
(149, 'C680', 1, 36, 25.2, 1),
(149, '6086', 1, 98, 68.6, 1),
(149, '6095', 1, 98, 68.6, 1),
(149, '3297', 2, 21, 14.7, 1),
(149, 'C681', 1, 21, 14.7, 1),
(149, '3280', 1, 35, 24.5, 1),
(149, '3292', 1, 28, 19.6, 1),
(149, '9603', 1, 105, 73.5, 1),
(150, 'V051', 1, 28, 19.6, 1),
(150, 'V046', 5, 28, 19.6, 1),
(150, '4041', 5, 31.5, 22.05, 1),
(150, '4040', 1, 42, 29.4, 1),
(150, '1207', 5, 35, 24.5, 1),
(150, 'V055', 5, 49, 34.3, 1),
(150, 'V044', 5, 49, 34.3, 1),
(150, '6679', 1, 42, 29.4, 1),
(150, '9563', 2, 49, 34.3, 1),
(150, '3387', 5, 49, 34.3, 1),
(150, '3391', 1, 42, 29.4, 1),
(150, '3277', 5, 35, 24.5, 1),
(150, '9564', 5, 49, 34.3, 1),
(150, '5509', 1, 56, 39.2, 1),
(150, '9612', 1, 63, 44.1, 1),
(150, '3388', 1, 10.5, 7.35, 1),
(150, '3389', 1, 10.5, 7.35, 1),
(151, 'C316', 1, 16.1, 11.27, 1),
(151, '3391', 1, 42, 29.4, 1),
(151, 'C491', 1, 18.9, 13.23, 1),
(151, 'C714', 1, 16.1, 11.27, 1),
(151, 'C646', 1, 16.1, 11.27, 1),
(151, '1206', 1, 49, 34.3, 1),
(151, '8018', 1, 24.5, 17.15, 1),
(151, '8017', 1, 24.5, 17.15, 1),
(151, 'C712', 1, 16.1, 11.27, 1),
(152, '4035', 1, 28, 19.6, 1),
(152, '4020', 2, 21, 14.7, 1),
(152, '3296', 1, 28, 19.6, 1),
(152, '6001', 1, 49, 34.3, 1),
(152, 'M260', 1, 45.5, 31.85, 1),
(152, 'F202A', 1, 14.98, 10.49, 1),
(153, '4035', 1, 28, 19.6, 1),
(153, '4020', 2, 21, 14.7, 1),
(153, '3296', 1, 28, 19.6, 1),
(153, '6001', 1, 49, 34.3, 1),
(153, 'M260', 1, 45.5, 31.85, 1),
(154, '4037', 1, 28, 19.6, 1),
(154, '3376', 1, 31.5, 22.05, 1),
(154, '2303', 1, 63, 44.1, 1),
(154, '9601', 1, 45.5, 31.85, 1),
(154, '6001', 3, 49, 34.3, 1),
(155, '4037', 1, 28, 19.6, 1),
(155, 'M265', 1, 45.5, 31.85, 1),
(155, 'M238', 1, 45.5, 31.85, 1),
(155, 'F295', 1, 45.5, 31.85, 1),
(155, 'F289', 1, 45.5, 31.85, 1),
(155, 'F277', 1, 45.5, 31.85, 1),
(155, 'F288', 1, 45.5, 31.85, 1),
(155, 'F271', 1, 45.5, 31.85, 1),
(155, '4026', 1, 40, 28, 1),
(156, '3292', 2, 28, 19.6, 1),
(156, '9547', 1, 49, 34.3, 1),
(156, '9611', 1, 70, 49, 1),
(156, '9514', 1, 45.5, 31.85, 1),
(156, '9523', 1, 45.5, 31.85, 1),
(156, '9537', 5, 45.5, 31.85, 1),
(157, '3292', 2, 28, 19.6, 1),
(157, '9547', 1, 49, 34.3, 1),
(157, '9611', 1, 70, 49, 1),
(157, '9514', 1, 45.5, 31.85, 1),
(157, '9523', 1, 45.5, 31.85, 1),
(157, '9537', 5, 45.5, 31.85, 1),
(158, '3297', 1, 21, 14.7, 1),
(158, '3274', 1, 30.1, 21.07, 1),
(158, '2704', 1, 35, 24.5, 1),
(158, '4041', 2, 31.5, 22.05, 1),
(158, '4035', 1, 28, 19.6, 1),
(158, '1206', 2, 49, 34.3, 1),
(158, '1207', 1, 35, 24.5, 1),
(158, '9589', 2, 63, 44.1, 1),
(158, '9505', 1, 45.5, 31.85, 1),
(158, '9612', 1, 63, 44.1, 1),
(159, 'C533', 1, 21, 14.7, 1),
(159, 'C534', 2, 24.5, 17.15, 1),
(159, 'C624', 1, 16.1, 11.27, 1),
(159, '2805', 1, 35, 24.5, 1),
(159, '2608', 1, 35, 24.5, 1),
(159, '2704', 1, 35, 24.5, 1),
(159, '6001', 2, 49, 34.3, 1),
(160, '3297', 5, 21, 14.7, 1),
(160, 'V046', 5, 28, 19.6, 1),
(160, '6674', 5, 20.3, 14.21, 1),
(160, '6673', 5, 20.3, 14.21, 1),
(160, '4020', 5, 21, 14.7, 1),
(160, '4002', 10, 37.1, 25.97, 1),
(160, '3377', 5, 31.5, 22.05, 1),
(160, '3376', 5, 31.5, 22.05, 1),
(160, '3383', 5, 35, 24.5, 1),
(160, '3384', 5, 35, 24.5, 1),
(160, '3375', 5, 35, 24.5, 1),
(160, 'C600', 5, 14, 9.8, 1),
(160, '9608', 10, 33.6, 23.52, 1),
(160, '9564', 5, 49, 34.3, 1),
(161, 'V046', 1, 28, 28, 1),
(161, '3297', 1, 21, 21, 1),
(161, '6674', 1, 20.3, 20.3, 1),
(161, '6673', 1, 20.3, 20.3, 1),
(161, '4020', 1, 21, 21, 1),
(161, '4002', 2, 37.1, 37.1, 1),
(161, '3377', 1, 31.5, 31.5, 1),
(161, '3376', 1, 31.5, 31.5, 1),
(161, '3383', 1, 35, 35, 1),
(161, '3384', 1, 35, 35, 1),
(161, '3375', 1, 35, 35, 1),
(161, '9608', 2, 33.6, 33.6, 1),
(161, '9564', 1, 49, 49, 1),
(162, '2313', 1, 83.3, 58.31, 1),
(162, '2308', 1, 70, 49, 1),
(162, '2300', 1, 70, 49, 1),
(162, '2309', 1, 83.3, 58.31, 1),
(162, '2310', 1, 77, 53.9, 1),
(162, '2311', 1, 70, 49, 1),
(162, '2312', 1, 42, 29.4, 1),
(162, '9609', 1, 42, 29.4, 1),
(162, '9607', 1, 63, 44.1, 1),
(162, '3372', 1, 28, 19.6, 1),
(162, '4035', 1, 28, 19.6, 1),
(162, '3297', 1, 21, 14.7, 1),
(162, '1205', 1, 49, 34.3, 1),
(162, '2303', 1, 63, 44.1, 1),
(162, 'F277', 1, 45.5, 31.85, 1),
(162, 'C689', 1, 16.1, 11.27, 1),
(162, 'C715', 1, 16.1, 11.27, 1),
(162, 'C302', 1, 16.1, 11.27, 1),
(162, 'C488', 1, 18.9, 13.23, 1),
(162, 'C571', 1, 18.9, 13.23, 1),
(162, 'C712', 1, 16.1, 11.27, 1),
(163, '3296', 1, 28, 19.6, 1),
(163, '6001', 1, 49, 34.3, 1),
(163, '9606', 2, 63, 44.1, 1),
(163, '3391', 1, 42, 29.4, 1),
(163, '1208', 2, 28, 19.6, 1),
(163, '3382', 1, 38.5, 26.95, 1),
(164, '1220', 5, 140, 98, 1),
(164, '4020', 5, 21, 14.7, 1),
(164, '4027', 1, 28, 19.6, 1),
(164, '4039', 5, 42, 29.4, 1),
(164, '3392', 5, 28, 19.6, 1),
(164, '3387', 5, 49, 34.3, 1),
(164, 'V051', 5, 28, 19.6, 1),
(164, '5509', 5, 56, 39.2, 1),
(165, '0875', 2, 100, 100, 1),
(165, '0877', 1, 147, 147, 1),
(165, 'C724', 2, 36, 36, 1),
(165, 'C726', 2, 36, 36, 1),
(165, 'C727', 2, 36, 36, 1),
(166, 'V046', 5, 28, 28, 0),
(166, '6001', 5, 49, 49, 0),
(167, 'V046', 5, 28, 19.6, 1),
(167, '6001', 5, 49, 34.3, 1),
(168, '4018', 2, 17.5, 12.25, 1),
(168, '4041', 2, 31.5, 22.05, 1),
(168, '8016', 1, 17.5, 12.25, 1),
(168, '8014', 1, 17.5, 12.25, 1),
(168, '3272', 1, 31.5, 22.05, 1),
(168, 'C677', 1, 36, 25.2, 1),
(168, 'C703', 1, 36, 25.2, 1),
(169, '3274', 1, 30.1, 21.07, 1),
(169, 'C650', 1, 18.9, 13.23, 1),
(169, 'C484', 1, 18.9, 13.23, 1),
(169, '3271', 1, 30.1, 21.07, 1),
(169, '3276', 1, 35, 24.5, 1),
(169, '3290', 1, 25.9, 18.13, 1),
(169, '3278', 1, 35, 24.5, 1),
(169, 'C158', 1, 18.9, 13.23, 1),
(169, 'C563', 1, 18.9, 13.23, 1),
(170, '3279', 1, 35, 24.5, 1),
(170, '3297', 2, 21, 14.7, 1),
(170, '3287', 1, 42, 29.4, 1),
(170, '8017', 1, 24.5, 17.15, 1),
(170, '8018', 1, 24.5, 17.15, 1),
(170, '3362', 1, 28, 19.6, 1),
(170, '1205', 1, 49, 34.3, 1),
(170, '1207', 1, 35, 24.5, 1),
(170, '5504', 2, 49, 34.3, 1);

-- --------------------------------------------------------

--
-- Table structure for table `invcant`
--

CREATE TABLE `invcant` (
  `codp` varchar(20) COLLATE utf8_spanish_ci NOT NULL,
  `cantidad` int(11) NOT NULL DEFAULT 0,
  `estado` tinyint(1) NOT NULL DEFAULT 1
) ENGINE=InnoDB DEFAULT CHARSET=utf8 COLLATE=utf8_spanish_ci ROW_FORMAT=COMPACT;

--
-- Dumping data for table `invcant`
--

INSERT INTO `invcant` (`codp`, `cantidad`, `estado`) VALUES
('0853', 0, 1),
('1205', 58, 1),
('1206', 137, 1),
('1207', 72, 1),
('1212', 116, 1),
('1213', 60, 1),
('1214', 123, 1),
('1215', 76, 1),
('1216', 67, 1),
('1217', 136, 1),
('1218', 157, 1),
('1219', 180, 1),
('1220', 90, 1),
('229', 0, 1),
('AX00200', 0, 1),
('F200', 36, 1),
('F201', 41, 1),
('F202', 51, 1),
('F203', 31, 1),
('F204', 49, 1),
('F206', 74, 1),
('F207', 26, 1),
('F208', 44, 1),
('F209', 49, 1),
('F210', 41, 1),
('F211', 68, 1),
('F214', 42, 1),
('F221', 42, 1),
('F222', 44, 1),
('F225', 46, 1),
('F233', 39, 1),
('F249', 68, 1),
('F256', 46, 1),
('F258', 87, 1),
('F268', 52, 1),
('F269', 50, 1),
('F271', 51, 1),
('F273', 57, 1),
('F275', 61, 1),
('F280', 35, 1),
('F281', 38, 1),
('F284', 50, 1),
('F286', 60, 1),
('F288', 54, 1),
('F289', 58, 1),
('F290', 52, 1),
('F291', 36, 1),
('F292', 61, 1),
('F293', 28, 1),
('F294', 63, 1),
('F295', 62, 1),
('F296', 110, 1),
('F297', 62, 1),
('F298', 50, 1),
('F299', 63, 1),
('F300', 44, 1),
('F301', 69, 1),
('F302', 64, 1),
('F303', 35, 1),
('F304', 46, 1),
('F306', 64, 1),
('F307', 44, 1),
('F308', 62, 1),
('F309', 53, 1),
('F310', 76, 1),
('M200', 27, 1),
('M201', 49, 1),
('M202', 40, 1),
('M203', 57, 1),
('M204', 46, 1),
('M205', 44, 1),
('M2071', 0, 1),
('M208', 64, 1),
('M210', 67, 1),
('M218', 62, 1),
('M222', 55, 1),
('M225', 39, 1),
('M226', 39, 1),
('M232', 37, 1),
('M237', 39, 1),
('M238', 36, 1),
('M239', 63, 1),
('M243', 62, 1),
('M244', 39, 1),
('M245', 41, 1),
('M248', 50, 1),
('M249', 58, 1),
('M250', 65, 1),
('M251', 50, 1),
('M252', 27, 1),
('M253', 55, 1),
('M254', 61, 1),
('M255', 70, 1),
('M256', 38, 1),
('M257', 43, 1),
('M258', 41, 1),
('M259', 45, 1),
('M260', 55, 1),
('M261', 42, 1),
('M264', 56, 1),
('M265', 55, 1),
('M266', 38, 1),
('M267', 73, 1),
('M268', 65, 1),
('M269', 46, 1),
('M270', 46, 1),
('M272', 48, 1),
('M273', 67, 1),
('M274', 61, 1),
('M275', 82, 1),
('6001', 114, 1),
('6066', 66, 1),
('6073', 50, 1),
('6074', 61, 1),
('6077', 57, 1),
('6078', 113, 1),
('6079', 0, 1),
('6080', 86, 1),
('6081', 95, 1),
('6082', 68, 1),
('6084', 64, 1),
('6085', 60, 1),
('6086', 90, 1),
('6087', 72, 1),
('6088', 75, 1),
('6089', 90, 1),
('6094', 68, 1),
('6600', 87, 1),
('7008', 74, 1),
('2300', 123, 1),
('2302', 51, 1),
('2303', 82, 1),
('2305', 137, 1),
('2307', 19, 1),
('2308', 117, 1),
('2309', 35, 1),
('2310', 57, 1),
('2311', 49, 1),
('2312', 39, 1),
('2313', 76, 1),
('6629', 52, 1),
('6662', 42, 1),
('6663 ', 48, 1),
('6664', 11, 1),
('6672', 30, 1),
('6673', 13, 1),
('6674', 25, 1),
('6675', 16, 1),
('6676', 34, 1),
('6677', 25, 1),
('6678', 33, 1),
('6679', 74, 1),
('0851', 0, 1),
('C066', 9, 1),
('C132', 97, 1),
('C150', 21, 1),
('C155', 44, 1),
('C156', 49, 1),
('C157', 50, 1),
('C158', 39, 1),
('C159', 49, 1),
('C160', 50, 1),
('C161', 1, 1),
('C162 ', 3, 1),
('C302', 11, 1),
('C316', 24, 1),
('C402', 30, 1),
('C403', 19, 1),
('C405', 38, 1),
('C406', 32, 1),
('C408', 51, 1),
('C410', 38, 1),
('C484', 35, 1),
('C486', 65, 1),
('C487', 23, 1),
('C488', 34, 1),
('C489', 128, 1),
('C491', 50, 1),
('C493', 46, 1),
('C499', 111, 1),
('C504', 22, 1),
('C507', 14, 1),
('C533', 34, 1),
('C563', 37, 1),
('C566', 23, 1),
('C570', 19, 1),
('C571', 0, 1),
('C572', 12, 1),
('C573', 64, 1),
('C600', 49, 1),
('C606', 64, 1),
('C622', 8, 1),
('C623 ', 23, 1),
('C624', 31, 1),
('C630', 49, 1),
('C631', 116, 1),
('C636', 23, 1),
('C637', 15, 1),
('C642', 15, 1),
('C643', 11, 1),
('C644', 23, 1),
('C645', 17, 1),
('C646', 17, 1),
('C647', 20, 1),
('C649', 40, 1),
('C650', 45, 1),
('C716', 48, 1),
('8009', 201, 1),
('8010', 194, 1),
('8011', 176, 1),
('8012', 36, 1),
('8013', 38, 1),
('8014', 37, 1),
('8015', 37, 1),
('8016', 38, 1),
('8017', 44, 1),
('8018', 2, 1),
('8019', 53, 1),
('3077', 0, 1),
('3271', 92, 1),
('3273', 0, 1),
('3275', 100, 1),
('3276', 79, 1),
('3277', 224, 1),
('3278', 64, 1),
('3279', 162, 1),
('3280', 220, 1),
('3286', 199, 1),
('3287', 66, 1),
('3288', 85, 1),
('3289', 150, 1),
('3290', 91, 1),
('3292', 285, 1),
('3293', 132, 1),
('3296', 117, 1),
('0759', 0, 1),
('3376', 123, 1),
('3377', 129, 1),
('4002', 476, 1),
('4018', 79, 1),
('4019', 123, 1),
('4020', 146, 1),
('4026', 362, 1),
('4027', 79, 1),
('4028', 165, 1),
('4032', 259, 1),
('4033', 162, 1),
('4035', 132, 1),
('4037', 97, 1),
('5005', 228, 1),
('5012', 141, 1),
('3362', 102, 1),
('3372', 91, 1),
('3375', 92, 1),
('3380', 83, 1),
('3381', 60, 1),
('3382', 68, 1),
('3383', 236, 1),
('3384', 131, 1),
('3385', 42, 1),
('3386', 61, 1),
('3387', 23, 1),
('3388', 97, 1),
('3389', 80, 1),
('3390', 91, 1),
('3391', 41, 1),
('3392', 30, 1),
('3393', 15, 1),
('3394', 113, 1),
('V044', 169, 1),
('V053', 53, 1),
('V054', 92, 1),
('V055', 99, 1),
('V046', 57, 1),
('V047', 65, 1),
('V051', 57, 1),
('V056', 27, 1),
('V058', 57, 1),
('0852', 0, 1),
('S002', 57, 1),
('S005', 47, 1),
('S006', 101, 1),
('5504', 128, 1),
('5509', 113, 1),
('9505', 95, 1),
('9512', 104, 1),
('9514', 132, 1),
('9518', 70, 1),
('9523', 213, 1),
('9530', 39, 1),
('9532', 74, 1),
('9537', 126, 1),
('9545', 13, 1),
('9547', 98, 1),
('9563', 103, 1),
('9564', 83, 1),
('9581', 44, 1),
('9582', 46, 1),
('9584', 64, 1),
('9585', 74, 1),
('9588', 48, 1),
('9589', 47, 1),
('9594', 43, 1),
('9595', 108, 1),
('9598', 59, 1),
('9599', 90, 1),
('9601', 109, 1),
('9602', 42, 1),
('9603', 80, 1),
('9606', 30, 1),
('9607', 71, 1),
('9608', 110, 1),
('9609', 117, 1),
('9610', 64, 1),
('0680', 0, 1),
('9860', 0, 1),
('AX000130', 0, 1),
('AX00032', 0, 1),
('AX00134', 0, 1),
('AX00136', 0, 1),
('AX00149', 0, 1),
('AX00184', 8, 1),
('CA00148', 0, 1),
('CA00151', 0, 1),
('G320', 0, 1),
('Y006', 0, 1),
('periodo3', 0, 1),
('prueba1', 0, 1),
('PRUPER3', 0, 1),
('1093', 0, 1),
('332', 0, 1),
('9000', 0, 1),
('93009', 0, 1),
('94004', 0, 1),
('95013', 0, 1),
('95028', 0, 1),
('9652', 0, 1),
('9662', 0, 1),
('9723', 0, 1),
('9746', 0, 1),
('9839', 0, 1),
('AX 00134', 0, 1),
('AX000008', 0, 1),
('AX000016', 0, 1),
('AX00031', 0, 1),
('AX00033', 0, 1),
('AX00035', 0, 1),
('AX00037', 0, 1),
('AX00054', 0, 1),
('AX00055', 0, 1),
('AX00057', 0, 1),
('AX00065', 0, 1),
('AX00068', 0, 1),
('AX00069', 0, 1),
('AX00085', 0, 1),
('AX00091', 0, 1),
('AX00095', 0, 1),
('AX00096', 0, 1),
('AX00097', 0, 1),
('AX001136', 0, 1),
('AX00114', 0, 1),
('AX00115', 0, 1),
('AX00116', 0, 1),
('AX00117', 0, 1),
('AX00122', 0, 1),
('AX00128', 0, 1),
('AX00129', 0, 1),
('AX00130', 0, 1),
('AX00133', 0, 1),
('AX00135 ', 0, 1),
('AX00137', 0, 1),
('AX00138', 0, 1),
('AX00139', 0, 1),
('AX00140', 0, 1),
('AX00142', 0, 1),
('AX00143', 5, 1),
('AX00152', 0, 1),
('AX00153', 0, 1),
('AX00155', 0, 1),
('AX00156', 0, 1),
('AX00157', 0, 1),
('AX00158', 0, 1),
('AX00159', 0, 1),
('AX00160', 0, 1),
('AX00162', 0, 1),
('AX00165', 0, 1),
('AX00166 ', 0, 1),
('AX00176', 0, 1),
('AX00177', 0, 1),
('AX00181', 0, 1),
('AX00182', 0, 1),
('AX00183', 10, 1),
('AX00185', 9, 1),
('AX00188', 0, 1),
('AX00190', 0, 1),
('AX00191', 0, 1),
('AX00195', 86, 1),
('AX00196', 88, 1),
('AX00197', 87, 1),
('AX00198', 0, 1),
('AX00201', 175, 1),
('AX002011', 9, 1),
('AX002012', 0, 1),
('AX00202', 201, 1),
('AX00203', 51, 1),
('AX00204', 0, 1),
('AX0032', 0, 1),
('AX009015', 0, 1),
('AX130', 0, 1),
('CA00156', 0, 1),
('CA00159', 0, 1),
('CP000003', 0, 1),
('G013', 31, 1),
('X268', 0, 1),
('X271', 0, 1),
('X273', 0, 1),
('X274', 0, 1),
('X275', 0, 1),
('X276', 0, 1),
('X300', 0, 1),
('X301', 6, 1),
('X302', 0, 1),
('X303', 0, 1),
('X304', 0, 1),
('X306', 0, 1),
('X307', 0, 1),
('X308', 53, 1),
('X309', 7, 1),
('X310', 0, 1),
('X311', 0, 1),
('X313', 0, 1),
('X318', 0, 1),
('X319', 0, 1),
('X322', 0, 1),
('X325', 0, 1),
('X332', 0, 1),
('X335', 0, 1),
('X336', 0, 1),
('X344', 0, 1),
('X348', 0, 1),
('X349', 0, 1),
('X350', 0, 1),
('X351', 0, 1),
('X353', 0, 1),
('X354', 0, 1),
('Y001', 0, 1),
('Z300', 0, 1),
('Z301', 0, 1),
('Z302', 0, 1),
('Z303', 49, 1),
('Z304', 0, 1),
('Z305', 0, 1),
('Z307', 0, 1),
('Z308', 0, 1),
('Z312', 0, 1),
('Z314', 0, 1),
('Z315', 49, 1),
('Z316', 0, 1),
('Z318', 0, 1),
('Z322', 0, 1),
('Z323', 0, 1),
('Z327', 0, 1),
('Z328', 0, 1),
('Z329', 0, 1),
('Z332', 0, 1),
('Z333', 0, 1),
('Z334', 0, 1),
('Z335', 0, 1),
('Z336', 0, 1),
('Z337', 0, 1),
('Z338', 0, 1),
('0866', 0, 1),
('0867', 0, 1),
('0868', 0, 1),
('0869', 0, 1),
('0870', 0, 1),
('0871', 0, 1),
('0872', 0, 1),
('0873', 0, 1),
('0874', 0, 1),
('0862', 0, 1),
('6095', 112, 1),
('6096', 218, 1),
('6097', 183, 1),
('AX000018', 69, 1),
('C534', 43, 1),
('C548', 34, 1),
('C628', 92, 1),
('C633', 172, 1),
('C651', 45, 1),
('C652', 18, 1),
('C653', 19, 1),
('C654', 46, 1),
('C657', 17, 1),
('C658', 165, 1),
('C662', 101, 1),
('C669', 19, 1),
('C677', 48, 1),
('C679', 76, 1),
('C680', 39, 1),
('C681', 130, 1),
('C682', 108, 1),
('C685', 35, 1),
('C687', 35, 1),
('C688 ', 24, 1),
('C689', 30, 1),
('C690', 25, 1),
('C691', 25, 1),
('C696', 82, 1),
('C699', 47, 1),
('C700', 48, 1),
('C701', 0, 1),
('C703', 83, 1),
('C704', 73, 1),
('C705', 44, 1),
('C706', 73, 1),
('C707', 51, 1),
('C708', 51, 1),
('C709', 50, 1),
('C710', 49, 1),
('C712', 42, 1),
('C713', 47, 1),
('C714', 48, 1),
('C715', 66, 1),
('C717 ', 75, 1),
('C718', 47, 1),
('C719', 49, 1),
('C720', 80, 1),
('C721', 49, 1),
('C722', 53, 1),
('F229', 53, 1),
('F276', 62, 1),
('F277', 63, 1),
('F278', 64, 1),
('M271', 46, 1),
('0820', 0, 1),
('0821', 0, 1),
('0822', 0, 1),
('3274', 131, 1),
('3295', 62, 1),
('3612', 41, 1),
('8006', 7, 1),
('8007', 2, 1),
('8008', 5, 1),
('4031', 69, 1),
('1208', 46, 1),
('1209', 113, 1),
('3272', 71, 1),
('C711', 47, 1),
('9597', 0, 1),
('9600', 0, 1),
('5505', 56, 1),
('2804', 31, 1),
('2703', 55, 1),
('2604', 0, 1),
('V052', 43, 1),
('6075', 0, 1),
('F270', 13, 1),
('4036', 0, 1),
('V059', 0, 1),
('697', 0, 1),
('679', 0, 1),
('3611', 0, 1),
('V060', 1, 1),
('9611', 39, 1),
('V057', 50, 1),
('C659', 0, 1),
('C660', 0, 1),
('5002', 0, 1),
('H247', 0, 1),
('F268A', 1, 1),
('F278A', 0, 1),
('F305A', 13, 1),
('F202A', 20, 1),
('M200A', 42, 1),
('M270A', 0, 1),
('M232A', 57, 1),
('M245A', 34, 1),
('F200A', 0, 1),
('4034', 71, 1),
('3378', 0, 1),
('5006', 0, 1),
('s004', 0, 1),
('AX00178', 0, 1),
('AC1015', 0, 1),
('AC1017', 0, 1),
('AC1018', 0, 1),
('162', 0, 1),
('C655', 0, 1),
('C640', 0, 1),
('C639', 0, 1),
('C641', 0, 1),
('C656', 0, 1),
('6518', 0, 1),
('6069', 0, 1),
('C407', 0, 1),
('C455', 0, 1),
('AX00179', 20, 1),
('2306', 0, 1),
('3361', 0, 1),
('1501', 0, 1),
('3610', 0, 1),
('C648', 0, 1),
('C634', 0, 1),
('C635', 0, 1),
('C632', 0, 1),
('C661', 0, 1),
('C678', 0, 1),
('C671', 0, 1),
('C672', 0, 1),
('C673', 0, 1),
('C674', 0, 1),
('C676', 0, 1),
('C663', 0, 1),
('C664', 0, 1),
('C665', 0, 1),
('C666', 0, 1),
('3373', 0, 1),
('3314', 0, 1),
('3379', 0, 1),
('C675', 0, 1),
('C610', 0, 1),
('C697', 21, 1),
('9576', 0, 1),
('9577', 0, 1),
('3364', 0, 1),
('3363', 0, 1),
('5003', 0, 1),
('C667', 0, 1),
('C668', 0, 1),
('C670', 0, 1),
('F279', 2, 1),
('9590', 0, 1),
('1211', 58, 1),
('F287', 2, 1),
('F283', 5, 1),
('9612', 93, 1),
('4040', 46, 1),
('4039', 65, 1),
('4041', 36, 1),
('3297', 88, 1),
('AC1022', 25, 1),
('2805', 49, 1),
('2608', 99, 1),
('2704', 48, 1),
('0877', 9, 1),
('c695', 0, 1),
('F270A', 0, 1),
('4828', 0, 1),
('C727', 18, 1),
('C726', 18, 1),
('C723', 20, 1),
('C725', 20, 1),
('C724', 18, 1),
('AX002019', 20, 1),
('0784', 10, 1),
('0863', 10, 1),
('0864', 10, 1),
('0875', 8, 1);

-- --------------------------------------------------------

--
-- Table structure for table `inventario`
--

CREATE TABLE `inventario` (
  `id` int(11) NOT NULL,
  `codp` varchar(20) COLLATE utf8_spanish_ci NOT NULL,
  `pupesos` float NOT NULL,
  `pubs` float NOT NULL,
  `cantidad` int(11) NOT NULL,
  `fecha_reg` datetime NOT NULL DEFAULT current_timestamp(),
  `fecha_venc` date DEFAULT NULL,
  `estado` tinyint(1) NOT NULL DEFAULT 1
) ENGINE=InnoDB DEFAULT CHARSET=utf8 COLLATE=utf8_spanish_ci ROW_FORMAT=COMPACT;

--
-- Dumping data for table `inventario`
--

INSERT INTO `inventario` (`id`, `codp`, `pupesos`, `pubs`, `cantidad`, `fecha_reg`, `fecha_venc`, `estado`) VALUES
(637, '6087', 1300, 91, 72, '2021-06-11 10:07:44', '2023-08-01', 1),
(638, '6600', 1290, 90.3, 64, '2021-06-11 10:21:45', '2023-09-01', 1),
(639, 'V051', 400, 28, 57, '2021-06-11 10:21:45', '2023-01-01', 1),
(640, '6088', 1500, 105, 75, '2021-06-11 10:21:45', '2023-08-01', 1),
(641, '6080', 900, 63, 73, '2021-06-11 10:21:45', '2023-12-01', 1),
(642, '6084', 1000, 70, 43, '2021-06-11 10:21:45', '2023-09-01', 1),
(643, '6081', 900, 63, 79, '2021-06-11 10:21:45', '2022-08-01', 1),
(644, '6082', 900, 63, 62, '2021-06-11 10:21:45', '2022-09-01', 1),
(645, '6089', 1390, 97.3, 87, '2021-06-11 10:21:45', '2023-08-01', 1),
(646, '7008', 600, 42, 51, '2021-06-11 10:33:14', '2023-09-01', 1),
(647, '6077', 1000, 70, 45, '2021-06-11 10:33:14', '2023-07-01', 1),
(648, '6074', 1000, 70, 48, '2021-06-11 10:33:14', '2023-01-01', 1),
(649, '6073', 1000, 70, 37, '2021-06-11 10:33:14', '2023-10-01', 1),
(650, 'F307', 700, 49, 43, '2021-06-11 10:33:14', '2023-07-01', 1),
(651, 'F306', 700, 49, 40, '2021-06-11 10:33:14', '2023-08-01', 1),
(652, 'F201', 700, 49, 36, '2021-06-11 10:33:14', '2022-10-01', 1),
(653, 'F202', 700, 49, 50, '2021-06-11 10:33:14', '2022-06-01', 1),
(654, 'F300', 700, 49, 41, '2021-06-11 10:33:14', '2023-01-01', 1),
(655, 'F308', 700, 49, 62, '2021-06-11 10:38:47', '2023-12-01', 1),
(656, 'F229', 700, 49, 42, '2021-06-11 10:38:47', '2023-02-01', 1),
(657, 'F301', 700, 49, 32, '2021-06-11 10:38:47', '2023-02-01', 1),
(658, 'F225', 700, 49, 37, '2021-06-11 10:38:47', '2022-01-01', 1),
(659, 'F294', 700, 49, 27, '2021-06-11 10:38:47', '2023-04-01', 1),
(660, 'F278', 700, 49, 54, '2021-06-11 10:38:47', '2023-09-01', 1),
(661, 'F229', 700, 49, 42, '2021-06-11 10:44:25', NULL, 0),
(662, 'F278', 700, 49, 54, '2021-06-11 10:44:25', NULL, 0),
(663, 'F298', 700, 49, 45, '2021-06-11 10:49:32', '2023-04-01', 1),
(664, 'F209', 700, 49, 43, '2021-06-11 10:49:32', '2022-09-01', 1),
(665, 'F276', 700, 49, 27, '2021-06-11 10:49:32', '2023-08-01', 1),
(666, 'F221', 700, 49, 33, '2021-06-11 10:49:32', '2022-09-01', 1),
(667, 'F296', 700, 49, 31, '2021-06-11 10:49:32', '2022-10-01', 1),
(668, 'F296', 700, 49, 46, '2021-06-11 10:49:32', '2022-09-01', 1),
(669, 'F277', 700, 49, 24, '2021-06-11 10:49:32', '2022-10-01', 1),
(670, 'F303', 700, 49, 30, '2021-06-11 10:49:32', '2022-10-01', 1),
(671, 'F203', 700, 49, 29, '2021-06-11 10:49:32', '2023-09-01', 1),
(672, 'F304', 700, 49, 42, '2021-06-11 10:49:32', '2022-10-01', 1),
(673, 'F273', 700, 49, 26, '2021-06-11 10:49:32', '2023-10-01', 1),
(674, 'F206', 700, 49, 58, '2021-06-11 10:49:32', '2022-10-01', 1),
(675, 'F271', 700, 49, 22, '2021-06-11 10:49:32', '2022-09-01', 1),
(676, '6001', 1000, 70, 22, '2021-06-11 10:56:47', '2023-10-01', 1),
(677, '6001', 1000, 70, 34, '2021-06-11 10:56:47', '2023-08-01', 1),
(678, '6078', 1190, 83.3, 98, '2021-06-11 10:56:47', '2023-09-01', 1),
(679, 'F286', 700, 49, 32, '2021-06-11 10:56:47', '2022-04-01', 1),
(680, 'F233', 700, 49, 33, '2021-06-11 10:56:47', '2022-12-01', 1),
(681, 'F295', 700, 49, 30, '2021-06-11 10:56:47', '2022-10-01', 1),
(682, 'F291', 650, 45.5, 36, '2021-06-11 10:56:47', '2022-09-01', 1),
(683, 'F207', 700, 49, 15, '2021-06-11 10:56:47', '2022-01-01', 1),
(684, 'F284', 700, 49, 38, '2021-06-11 10:56:47', '2023-09-01', 1),
(685, 'F211', 700, 49, 38, '2021-06-11 10:56:47', '2022-01-01', 1),
(686, 'F258', 700, 49, 26, '2021-06-11 10:56:47', '2022-11-01', 1),
(687, 'F288', 700, 49, 35, '2021-06-11 10:56:47', '2022-10-01', 1),
(688, '6085', 1190, 83.3, 58, '2021-06-11 10:56:47', '2022-12-01', 1),
(689, 'F280', 700, 49, 33, '2021-06-11 11:02:43', '2023-04-01', 1),
(690, 'F289', 700, 49, 53, '2021-06-11 11:02:43', '2022-10-01', 1),
(691, 'F281', 700, 49, 37, '2021-06-11 11:02:43', '2022-11-01', 1),
(692, 'F302', 700, 49, 28, '2021-06-11 11:02:43', '2022-10-01', 1),
(693, 'F275', 700, 49, 26, '2021-06-11 11:02:43', '2022-09-01', 1),
(694, 'F290', 700, 49, 42, '2021-06-11 11:02:43', '2022-01-01', 1),
(695, 'F297', 700, 49, 32, '2021-06-11 11:02:43', '2022-09-01', 1),
(696, 'F200', 700, 49, 34, '2021-06-11 11:02:43', '2023-10-01', 1),
(697, 'F256', 700, 49, 39, '2021-06-11 11:02:43', '2023-09-01', 1),
(698, 'F309', 650, 45.5, 53, '2021-06-11 11:02:43', '2024-02-01', 1),
(699, 'F310', 650, 45.5, 76, '2021-06-11 11:02:43', '2024-02-01', 1),
(700, 'F214', 700, 49, 31, '2021-06-11 11:02:43', '2022-03-01', 1),
(701, 'F208', 700, 49, 43, '2021-06-11 11:02:43', '2024-01-01', 1),
(702, 'F222', 700, 49, 34, '2021-06-11 11:02:43', '2022-04-01', 1),
(703, 'F210', 700, 49, 30, '2021-06-11 11:02:43', '2023-09-01', 1),
(704, 'F268', 700, 49, 28, '2021-06-11 11:02:43', '2022-04-01', 1),
(705, 'F249', 700, 49, 57, '2021-06-11 11:18:08', '2022-10-01', 1),
(706, 'F204', 700, 49, 40, '2021-06-11 11:18:08', '2023-09-01', 1),
(707, 'F276', 700, 49, 25, '2021-06-11 11:18:08', '2023-11-01', 1),
(708, 'F211', 700, 49, 25, '2021-06-11 11:18:08', '2022-12-01', 1),
(709, 'F258', 700, 49, 25, '2021-06-11 11:18:08', '2022-11-01', 1),
(710, 'F292', 700, 49, 30, '2021-06-11 11:18:08', '2023-12-01', 1),
(711, 'F301', 700, 49, 25, '2021-06-11 11:18:08', '2023-11-01', 1),
(712, 'F294', 700, 49, 25, '2021-06-11 11:18:08', '2024-03-01', 1),
(713, 'F286', 700, 49, 25, '2021-06-11 11:18:08', '2023-11-01', 1),
(714, 'F296', 700, 49, 25, '2021-06-11 11:18:08', '2023-01-01', 1),
(715, 'F295', 700, 49, 25, '2021-06-11 11:18:08', '2022-11-01', 1),
(716, 'F306', 700, 49, 20, '2021-06-11 11:18:08', '2023-09-01', 1),
(717, 'M267', 700, 49, 25, '2021-06-11 11:18:08', '2023-11-01', 1),
(718, 'M255', 700, 49, 30, '2021-06-11 11:18:08', '2022-11-01', 1),
(719, 'M208', 700, 49, 25, '2021-06-11 11:18:08', '2023-02-01', 1),
(720, 'M264', 700, 49, 23, '2021-06-11 11:18:08', '2022-10-01', 1),
(721, 'M260', 700, 49, 28, '2021-06-11 11:18:08', '2022-11-01', 1),
(722, 'M243', 700, 49, 25, '2021-06-11 11:18:08', '2023-02-01', 1),
(723, 'M268', 700, 49, 23, '2021-06-11 11:18:08', '2022-12-01', 1),
(724, 'M254', 700, 49, 25, '2021-06-11 11:18:08', '2022-12-01', 1),
(725, 'M249', 700, 49, 25, '2021-06-11 11:18:08', '2022-10-01', 1),
(726, '9581', 2000, 140, 24, '2021-06-11 11:30:17', '2023-11-01', 1),
(727, '5504', 600, 42, 17, '2021-06-11 11:30:17', '2022-11-01', 1),
(728, '9514', 800, 56, 40, '2021-06-11 11:30:17', '2023-03-01', 0),
(729, '9608', 500, 35, 28, '2021-06-11 11:30:17', '2022-05-01', 1),
(730, '9530', 500, 35, 19, '2021-06-11 11:30:17', '2022-02-01', 1),
(731, '9610', 750, 52.5, 64, '2021-06-11 11:30:17', '2022-02-01', 1),
(732, '1220', 1900, 133, 60, '2021-06-11 11:30:17', '2023-02-01', 1),
(733, '9599', 600, 42, 54, '2021-06-11 11:30:17', '2022-09-01', 1),
(734, '1216', 400, 28, 75, '2021-06-11 11:50:16', '2023-08-01', 0),
(735, '1217', 300, 21, 37, '2021-06-11 11:50:16', '2023-08-01', 1),
(736, '1217', 300, 21, 50, '2021-06-11 11:50:16', '2023-11-01', 1),
(737, '1218', 600, 42, 78, '2021-06-11 11:50:16', '2022-11-01', 1),
(738, '1219', 500, 35, 28, '2021-06-11 11:50:16', '2023-01-01', 1),
(739, '1219', 500, 35, 62, '2021-06-11 11:50:16', '2022-11-01', 1),
(740, '2300', 1190, 83.3, 69, '2021-06-11 11:50:16', '2022-08-01', 1),
(741, '2308', 1190, 83.3, 65, '2021-06-11 11:50:16', '2022-06-01', 1),
(742, '3274', 400, 28, 56, '2021-06-11 11:50:16', '2022-09-01', 1),
(743, '3274', 400, 28, 6, '2021-06-11 11:50:16', '2021-11-01', 1),
(744, '3275', 450, 31.5, 72, '2021-06-11 11:50:16', '2022-11-01', 0),
(745, '3276', 500, 35, 86, '2021-06-11 11:50:16', '2022-09-01', 0),
(746, '3277', 500, 35, 147, '2021-06-11 11:50:16', '2023-01-01', 1),
(747, '3277', 500, 35, 20, '2021-06-11 11:50:16', '2022-12-01', 1),
(748, '3286', 600, 42, 38, '2021-06-11 11:50:16', '2023-02-01', 1),
(749, '3286', 600, 42, 57, '2021-06-11 11:50:16', '2022-11-01', 1),
(750, '3286', 600, 42, 11, '2021-06-11 11:50:16', '2022-08-01', 1),
(751, '3293', 300, 21, 26, '2021-06-11 11:50:16', '2022-11-01', 1),
(752, '3295', 350, 24.5, 63, '2021-06-11 11:50:16', '2022-08-01', 0),
(753, '3387', 700, 49, 0, '2021-06-11 11:50:16', '2024-01-01', 0),
(754, '3387', 700, 49, 23, '2021-06-11 11:50:16', '2024-04-01', 1),
(755, '3387', 700, 49, 12, '2021-06-11 11:50:16', '2023-09-01', 0),
(756, '4002', 570, 39.9, 161, '2021-06-11 11:50:16', '2024-01-01', 1),
(757, '4002', 570, 39.9, 150, '2021-06-11 11:50:16', '2024-03-01', 0),
(758, '4019', 300, 21, 80, '2021-06-11 11:50:16', '2023-12-01', 1),
(759, '4019', 300, 21, 13, '2021-06-11 11:50:16', '2023-08-01', 1),
(760, '4026', 500, 35, 102, '2021-06-11 11:50:16', '2022-09-01', 1),
(761, '4026', 500, 35, 71, '2021-06-11 11:50:16', '2022-10-01', 1),
(762, '4026', 500, 35, 50, '2021-06-11 11:50:16', '2023-02-01', 1),
(763, '4028', 450, 31.5, 39, '2021-06-11 11:50:16', '2023-03-01', 1),
(764, '4028', 450, 31.5, 7, '2021-06-11 11:50:16', '2022-01-01', 1),
(765, '4028', 450, 31.5, 17, '2021-06-11 11:50:16', '2021-11-01', 1),
(766, '4028', 450, 31.5, 1, '2021-06-11 11:50:16', '2021-09-01', 1),
(767, '4028', 450, 31.5, 30, '2021-06-11 11:50:16', '2023-04-01', 1),
(768, 'C712', 230, 16.1, 42, '2021-06-11 12:00:47', '2023-04-01', 1),
(769, 'C713', 230, 16.1, 47, '2021-06-11 12:00:47', '2023-04-01', 1),
(770, 'C714', 400, 28, 39, '2021-06-11 12:00:47', '2023-04-01', 0),
(771, 'C715', 230, 16.1, 66, '2021-06-11 12:00:47', '2023-04-01', 1),
(772, 'C720', 350, 24.5, 80, '2021-06-11 12:00:47', '2023-04-01', 1),
(773, 'C721', 350, 24.5, 49, '2021-06-11 12:00:47', '2023-04-01', 1),
(774, 'C722', 350, 24.5, 53, '2021-06-11 12:00:47', '2023-04-01', 1),
(775, '4032', 500, 35, 94, '2021-06-11 12:06:40', '2024-02-01', 1),
(776, '4032', 500, 35, 7, '2021-06-11 12:06:40', '2024-08-01', 1),
(777, '4032', 500, 35, 6, '2021-06-11 12:06:40', '2023-08-01', 1),
(778, '4033', 500, 35, 33, '2021-06-11 12:06:40', '2023-10-01', 1),
(779, '4033', 500, 35, 48, '2021-06-11 12:06:40', '2024-02-01', 1),
(780, '5005', 350, 24.5, 52, '2021-06-11 12:06:40', '2023-06-01', 1),
(781, '5005', 350, 24.5, 38, '2021-06-11 12:06:40', '2023-10-01', 1),
(782, '6095', 1390, 97.3, 89, '2021-06-11 12:06:40', '2024-04-01', 1),
(783, '6096', 1390, 97.3, 129, '2021-06-11 12:06:40', '2024-04-01', 1),
(784, '6097', 1390, 97.3, 126, '2021-06-11 12:06:40', '2024-04-01', 1),
(785, '3384', 700, 49, 19, '2021-06-11 02:58:26', '2023-05-01', 0),
(786, '3394', 700, 49, 26, '2021-06-11 02:58:26', '2022-11-01', 1),
(787, '3384', 700, 49, 8, '2021-06-11 02:58:26', '2022-09-01', 1),
(788, '3384', 700, 49, 80, '2021-06-11 02:58:26', '2023-05-01', 1),
(789, '9545', 2000, 140, 5, '2021-06-11 02:58:26', '2021-01-01', 1),
(790, 'V053', 600, 42, 8, '2021-06-11 02:58:26', '2023-01-01', 1),
(791, '3289', 800, 56, 98, '2021-06-11 02:58:26', '2024-01-01', 1),
(792, '3289', 800, 56, 35, '2021-06-11 02:58:26', '2023-07-01', 1),
(793, '3288', 800, 56, 35, '2021-06-11 02:58:26', '2023-08-01', 1),
(794, '3289', 800, 56, 39, '2021-06-11 02:58:26', NULL, 0),
(795, '3287', 800, 56, 29, '2021-06-11 02:58:26', '2024-01-01', 1),
(796, '3287', 800, 56, 18, '2021-06-11 02:58:26', '2023-07-01', 1),
(797, '1218', 600, 42, 10, '2021-06-11 02:58:26', '2022-11-01', 1),
(798, '1218', 600, 42, 55, '2021-06-11 02:58:26', '2022-10-01', 1),
(799, '1219', 500, 35, 44, '2021-06-11 02:58:26', '2022-11-01', 1),
(800, '2308', 1190, 83.3, 33, '2021-06-11 02:58:26', '2022-06-01', 1),
(801, '2300', 1190, 83.3, 35, '2021-06-11 02:58:26', '2022-08-01', 1),
(802, '3277', 500, 35, 70, '2021-06-11 02:58:26', '2023-01-01', 0),
(803, '3277', 500, 35, 10, '2021-06-11 02:58:26', '2022-12-01', 0),
(804, '3279', 400, 28, 37, '2021-06-11 02:58:26', '2023-11-01', 0),
(805, '3279', 400, 28, 4, '2021-06-11 02:58:26', '2023-07-01', 1),
(806, '3280', 500, 35, 34, '2021-06-11 02:58:26', '2022-12-01', 1),
(807, '3280', 500, 35, 11, '2021-06-11 02:58:26', '2022-09-01', 1),
(808, '3278', 500, 35, 44, '2021-06-11 02:58:26', '2022-09-01', 1),
(809, '2303', 1290, 90.3, 72, '2021-06-11 02:58:26', '2022-01-01', 1),
(810, '2302', 1290, 90.3, 36, '2021-06-11 02:58:26', '2022-06-01', 1),
(811, '2309', 1000, 70, 18, '2021-06-11 02:58:26', '2022-12-01', 1),
(812, '1212', 600, 42, 39, '2021-06-11 04:52:35', '2022-01-01', 1),
(813, '9512', 500, 35, 45, '2021-06-11 04:52:35', '2023-02-01', 1),
(814, '9584', 280, 19.6, 15, '2021-06-11 04:52:35', '2021-10-01', 1),
(815, '9537', 900, 63, 15, '2021-06-11 04:52:35', '2022-01-01', 1),
(816, '9518', 800, 56, 62, '2021-06-11 04:52:35', '2022-12-01', 1),
(817, '5504', 600, 42, 30, '2021-06-11 04:52:35', '2023-01-01', 1),
(818, '9609', 550, 38.5, 81, '2021-06-11 04:52:35', '2022-02-01', 1),
(819, '9564', 700, 49, 19, '2021-06-11 04:52:35', '2022-03-01', 1),
(820, '9589', 900, 63, 14, '2021-06-11 04:52:35', '2022-09-01', 1),
(821, '9608', 500, 35, 7, '2021-06-11 04:52:35', '2022-05-01', 1),
(822, '9608', 500, 35, 3, '2021-06-11 04:52:35', '2021-08-01', 1),
(823, '5509', 800, 56, 99, '2021-06-11 04:52:35', '2022-11-01', 1),
(824, '9563', 700, 49, 27, '2021-06-11 04:52:35', '2022-03-01', 1),
(825, '9563', 700, 49, 44, '2021-06-11 04:52:35', '2021-12-01', 1),
(826, '9594', 600, 42, 34, '2021-06-11 04:52:35', '2023-01-01', 1),
(827, '9518', 800, 56, 42, '2021-06-11 04:52:35', NULL, 0),
(828, '9609', 550, 38.5, 56, '2021-06-11 04:52:35', NULL, 0),
(829, '9609', 550, 38.5, 36, '2021-06-11 04:52:35', NULL, 0),
(830, '9523', 500, 35, 206, '2021-06-11 04:52:35', '2023-02-01', 1),
(831, '9607', 800, 56, 18, '2021-06-11 04:52:35', '2022-10-01', 1),
(832, '3383', 700, 49, 88, '2021-06-11 04:52:35', '2023-05-01', 1),
(833, '3384', 700, 49, 36, '2021-06-11 04:52:35', '2023-05-01', 1),
(834, '9585', 300, 21, 74, '2021-06-11 04:52:35', '2021-10-01', 1),
(835, '9530', 500, 35, 10, '2021-06-11 04:52:35', '2021-07-01', 1),
(836, '9609', 600, 42, 36, '2021-06-14 11:58:55', '2022-04-01', 1),
(837, '9598', 700, 49, 29, '2021-06-14 12:15:56', '2022-04-01', 1),
(838, '9601', 900, 63, 18, '2021-06-14 12:15:56', '2023-11-01', 1),
(839, '9603', 1500, 105, 31, '2021-06-14 12:15:56', '2023-02-01', 1),
(840, '9582', 500, 35, 32, '2021-06-14 12:15:56', '2023-10-01', 1),
(841, '9595', 600, 42, 39, '2021-06-14 12:15:56', '2023-01-01', 1),
(842, '9607', 800, 56, 13, '2021-06-14 12:15:56', '2022-06-01', 1),
(843, '9523', 500, 35, 43, '2021-06-14 12:15:56', NULL, 0),
(844, '9505', 650, 45.5, 95, '2021-06-14 12:15:56', '2022-09-01', 1),
(845, '9602', 800, 56, 27, '2021-06-14 12:15:56', '2022-04-01', 1),
(846, '5504', 600, 42, 9, '2021-06-14 12:15:56', '2022-08-01', 1),
(847, '5504', 600, 42, 18, '2021-06-14 12:15:56', '2022-11-01', 1),
(848, '9514', 800, 56, 30, '2021-06-14 12:15:56', '2022-10-01', 1),
(849, '9606', 900, 63, 21, '2021-06-14 12:15:56', '2023-11-01', 1),
(850, '9564', 700, 49, 52, '2021-06-14 12:15:56', '2022-01-01', 1),
(851, '9588', 800, 56, 9, '2021-06-14 12:15:56', '2022-06-01', 1),
(852, '9588', 800, 56, 15, '2021-06-14 12:15:56', '2022-09-01', 1),
(853, '9537', 900, 63, 14, '2021-06-14 12:15:56', '2022-01-01', 1),
(854, '9608', 500, 35, 12, '2021-06-14 12:15:56', '2022-03-01', 1),
(855, '1206', 600, 42, 36, '2021-06-14 12:15:56', '2022-08-01', 1),
(856, '1205', 650, 45.5, 28, '2021-06-14 12:15:56', '2023-03-01', 1),
(857, '1207', 450, 31.5, 0, '2021-06-14 12:15:56', '2023-03-01', 0),
(858, '9547', 600, 42, 18, '2021-06-14 12:15:56', '2022-10-01', 1),
(859, '9599', 600, 42, 18, '2021-06-14 01:46:39', '2022-09-01', 0),
(860, '3389', 500, 35, 67, '2021-06-14 01:46:39', '2022-10-01', 1),
(861, '3389', 500, 35, 9, '2021-06-14 01:46:39', '2022-02-01', 1),
(862, '3376', 500, 35, 32, '2021-06-14 01:46:39', '2023-01-01', 1),
(863, '3377', 500, 35, 34, '2021-06-14 01:46:39', '2023-01-01', 1),
(864, '3380', 500, 35, 40, '2021-06-14 01:46:39', '2023-08-01', 1),
(865, '3380', 500, 35, 8, '2021-06-14 01:46:39', '2022-08-01', 1),
(866, '3388', 500, 35, 4, '2021-06-14 01:46:39', '2022-02-01', 1),
(867, '3388', 500, 35, 86, '2021-06-14 01:46:39', '2022-10-01', 1),
(868, '3375', 550, 38.5, 33, '2021-06-14 01:46:39', '2023-09-01', 1),
(869, '3383', 700, 49, 30, '2021-06-14 01:46:39', '2023-05-01', 0),
(870, '3385', 500, 35, 5, '2021-06-14 01:46:39', '2021-12-01', 1),
(871, '3383', 700, 49, 75, '2021-06-14 01:46:39', '2022-09-01', 1),
(872, '3383', 700, 49, 65, '2021-06-14 01:46:39', '2023-03-01', 1),
(873, '3393', 700, 49, 8, '2021-06-14 01:46:39', '2023-05-01', 1),
(874, 'V044', 600, 42, 119, '2021-06-14 01:46:39', '2022-12-01', 1),
(875, 'V044', 600, 42, 31, '2021-06-14 01:46:39', '2023-10-01', 1),
(876, 'V044', 600, 42, 15, '2021-06-14 01:46:39', '2023-07-01', 1),
(877, 'V053', 600, 42, 21, '2021-06-14 01:46:39', '2023-01-01', 1),
(878, 'V053', 600, 42, 14, '2021-06-14 01:46:39', '2023-09-01', 1),
(879, 'V053', 600, 42, 6, '2021-06-14 01:46:39', '2022-12-01', 1),
(880, 'V054', 600, 42, 3, '2021-06-14 01:46:39', '2023-10-01', 1),
(881, 'V054', 600, 42, 53, '2021-06-14 01:46:39', '2022-08-01', 1),
(882, '6086', 1390, 97.3, 67, '2021-06-14 02:09:30', '2023-09-01', 1),
(883, 'M273', 650, 45.5, 67, '2021-06-14 02:09:30', '2023-12-01', 1),
(884, 'M200', 700, 49, 26, '2021-06-14 02:09:30', '2023-09-01', 1),
(885, 'M201', 700, 49, 39, '2021-06-14 02:09:30', '2022-04-01', 1),
(886, 'M222', 700, 49, 45, '2021-06-14 02:09:30', '2022-09-01', 1),
(887, 'M245', 700, 49, 35, '2021-06-14 02:09:30', '2023-09-01', 1),
(888, 'M252', 700, 49, 26, '2021-06-14 02:09:30', '2022-09-01', 1),
(889, 'M255', 700, 49, 29, '2021-06-14 02:09:30', '2021-11-01', 1),
(890, 'M271', 700, 49, 36, '2021-06-14 02:09:30', '2023-02-01', 1),
(891, 'M261', 700, 49, 37, '2021-06-14 02:09:30', '2023-04-01', 1),
(892, 'M239', 700, 49, 59, '2021-06-14 02:09:30', '2022-11-01', 1),
(893, 'M243', 700, 49, 27, '2021-06-14 02:09:30', '2022-09-01', 1),
(894, 'M250', 700, 49, 44, '2021-06-14 02:09:30', '2023-11-01', 1),
(895, 'M204', 700, 49, 40, '2021-06-14 02:09:30', '2022-09-01', 1),
(896, 'M269', 700, 49, 35, '2021-06-14 02:09:30', '2022-09-01', 1),
(897, 'M208', 700, 49, 29, '2021-06-14 02:09:30', '2022-09-01', 1),
(898, 'M254', 700, 49, 26, '2021-06-14 02:09:30', '2022-11-01', 1),
(899, 'M264', 700, 49, 29, '2021-06-14 02:09:30', '2022-09-01', 1),
(900, 'M237', 700, 49, 30, '2021-06-14 02:09:30', '2022-10-01', 1),
(901, 'M205', 700, 49, 34, '2021-06-14 02:09:30', '2022-03-01', 1),
(902, 'M267', 700, 49, 28, '2021-06-14 02:09:30', '2022-04-01', 1),
(903, 'M258', 700, 49, 40, '2021-06-14 02:09:30', '2022-09-01', 1),
(904, 'M259', 700, 49, 34, '2021-06-14 02:09:30', '2022-05-01', 1),
(905, 'M232', 700, 49, 31, '2021-06-14 02:09:30', '2022-01-01', 1),
(906, 'M260', 700, 49, 25, '2021-06-14 02:09:30', '2022-10-01', 1),
(907, 'M226', 700, 49, 33, '2021-06-14 02:09:30', '2022-09-01', 1),
(908, 'M249', 700, 49, 23, '2021-06-14 02:09:30', '2022-09-01', 1),
(909, 'M257', 700, 49, 36, '2021-06-14 02:09:30', '2022-09-01', 1),
(910, 'M270', 700, 49, 38, '2021-06-14 02:09:30', '2023-09-01', 1),
(911, 'M248', 700, 49, 42, '2021-06-14 02:09:30', '2022-09-01', 1),
(912, 'V054', 600, 42, 6, '2021-06-14 02:25:18', '2023-10-01', 1),
(913, 'V055', 600, 42, 49, '2021-06-14 02:25:18', '2021-03-01', 1),
(914, 'V055', 600, 42, 2, '2021-06-14 02:25:18', '2023-08-01', 1),
(915, 'V055', 600, 42, 13, '2021-06-14 02:25:18', '2022-11-01', 1),
(916, '3391', 500, 35, 30, '2021-06-14 02:25:18', '2022-03-01', 1),
(917, '3390', 500, 35, 30, '2021-06-14 02:25:18', '2022-09-01', 1),
(918, '3390', 500, 35, 53, '2021-06-14 02:25:18', '2022-07-01', 1),
(919, '3381', 500, 35, 51, '2021-06-14 02:25:18', '2022-07-01', 1),
(920, '3386', 500, 35, 20, '2021-06-14 02:25:18', '2022-02-01', 1),
(921, '3386', 500, 35, 4, '2021-06-14 02:25:18', '2022-08-01', 1),
(922, '3381', 500, 35, 4, '2021-06-14 02:25:18', '2022-01-01', 1),
(923, '1213', 600, 42, 26, '2021-06-14 02:25:18', '2022-09-01', 1),
(924, '1213', 600, 42, 14, '2021-06-14 02:25:18', '2022-06-01', 1),
(925, '3387', 700, 49, 29, '2021-06-14 02:25:18', '2024-01-01', 0),
(926, '1215', 800, 56, 27, '2021-06-14 02:25:18', '2023-06-01', 1),
(927, '4026', 500, 35, 25, '2021-06-14 02:25:18', '2022-10-01', 1),
(928, '4026', 500, 35, 35, '2021-06-14 02:25:18', '2022-09-01', 1),
(929, '4037', 400, 28, 21, '2021-06-14 02:25:18', '2022-10-01', 1),
(930, '4037', 400, 28, 25, '2021-06-14 02:25:18', '2022-12-01', 1),
(931, '3362', 400, 28, 9, '2021-06-14 02:25:18', '2023-09-01', 1),
(932, '3362', 400, 28, 14, '2021-06-14 02:25:18', '2023-10-01', 1),
(933, '3362', 400, 28, 77, '2021-06-14 02:25:18', '2023-12-01', 1),
(934, '3377', 500, 35, 35, '2021-06-14 02:25:18', '2022-12-01', 1),
(935, '3376', 500, 35, 31, '2021-06-14 02:25:18', '2022-10-01', 1),
(936, '3394', 700, 49, 28, '2021-06-14 02:25:18', '2023-01-01', 1),
(937, '3394', 700, 49, 53, '2021-06-14 02:25:18', '2022-12-01', 1),
(938, 'F308', 700, 49, 29, '2021-06-14 02:42:59', NULL, 0),
(939, 'F297', 700, 49, 25, '2021-06-14 02:42:59', '2023-02-01', 1),
(940, 'F299', 700, 49, 30, '2021-06-14 02:42:59', '2022-11-01', 1),
(941, 'M274', 650, 45.5, 61, '2021-06-14 02:42:59', '2024-02-01', 1),
(942, 'M275', 650, 45.5, 82, '2021-06-14 02:42:59', '2024-02-01', 1),
(943, 'M225', 700, 49, 31, '2021-06-14 02:42:59', '2023-11-01', 1),
(944, 'M265', 700, 49, 24, '2021-06-14 02:42:59', '2024-02-01', 1),
(945, 'M210', 700, 49, 25, '2021-06-14 02:42:59', '2023-10-01', 1),
(946, 'M203', 700, 49, 25, '2021-06-14 02:42:59', '2023-11-01', 1),
(947, 'M273', 700, 49, 36, '2021-06-14 02:42:59', NULL, 0),
(948, '6094', 1190, 83.3, 65, '2021-06-14 02:42:59', '2023-10-01', 1),
(949, '4035', 400, 28, 78, '2021-06-14 02:42:59', '2024-01-01', 1),
(950, '3362', 400, 28, 33, '2021-06-14 02:42:59', NULL, 0),
(951, 'M251', 700, 49, 43, '2021-06-14 03:02:15', '2023-11-01', 1),
(952, 'M238', 700, 49, 29, '2021-06-14 03:02:15', '2022-10-01', 1),
(953, 'M202', 700, 49, 30, '2021-06-14 03:02:15', '2023-05-01', 1),
(954, 'M256', 700, 49, 32, '2021-06-14 03:02:15', '2023-03-01', 1),
(955, 'M253', 700, 49, 46, '2021-06-14 03:02:15', '2023-11-01', 1),
(956, 'M268', 700, 49, 28, '2021-06-14 03:02:15', '2022-10-01', 1),
(957, 'M210', 700, 49, 27, '2021-06-14 03:02:15', '2023-09-01', 1),
(958, 'M272', 700, 49, 33, '2021-06-14 03:02:15', '2023-02-01', 1),
(959, 'M218', 700, 49, 54, '2021-06-14 03:02:15', '2022-11-01', 1),
(960, 'M203', 650, 45.5, 32, '2021-06-14 03:02:15', '2022-09-01', 1),
(961, 'M265', 700, 49, 22, '2021-06-14 03:02:15', '2022-09-01', 1),
(962, 'M266', 700, 49, 33, '2021-06-14 03:02:15', '2022-09-01', 1),
(963, 'M244', 700, 49, 30, '2021-06-14 03:02:15', '2022-08-01', 1),
(964, '6066', 1390, 97.3, 57, '2021-06-14 03:02:15', '2023-10-01', 1),
(965, '4027', 400, 28, 71, '2021-06-14 03:02:15', '2022-12-01', 1),
(966, 'F275', 700, 49, 25, '2021-06-14 03:02:15', '2023-02-01', 1),
(967, 'F273', 700, 49, 25, '2021-06-14 03:02:15', '2023-03-01', 1),
(968, 'F302', 700, 49, 25, '2021-06-14 03:02:15', '2022-12-01', 1),
(969, 'F271', 650, 45.5, 29, '2021-06-14 03:02:15', '2023-11-01', 1),
(970, 'F268', 650, 45.5, 24, '2021-06-14 03:02:15', '2024-01-01', 1),
(971, 'F277', 700, 49, 25, '2021-06-14 03:02:15', '2022-12-01', 1),
(972, '2312', 600, 42, 38, '2021-06-14 03:19:57', '2022-07-01', 1),
(973, '8012', 300, 21, 46, '2021-06-14 03:19:57', '2022-12-01', 0),
(974, '8017', 350, 24.5, 44, '2021-06-14 03:19:57', '2023-01-01', 1),
(975, '8019', 400, 28, 47, '2021-06-14 03:19:57', '2023-01-01', 1),
(976, '3372', 300, 21, 26, '2021-06-14 03:19:57', '2022-09-01', 1),
(977, '3372', 300, 21, 39, '2021-06-14 03:19:57', '2022-08-01', 1),
(978, '3392', 300, 21, 10, '2021-06-14 03:19:57', '2023-09-01', 1),
(979, '4032', 500, 35, 50, '2021-06-14 03:19:57', '2024-02-01', 1),
(980, '3383', 700, 49, 44, '2021-06-14 03:19:57', NULL, 0),
(981, '6096', 1390, 97.3, 40, '2021-06-14 03:19:57', NULL, 0),
(982, '3383', 700, 49, 40, '2021-06-14 03:19:57', NULL, 0),
(983, '6097', 1390, 97.3, 40, '2021-06-14 03:19:57', NULL, 0),
(984, '4019', 300, 21, 50, '2021-06-14 03:19:57', NULL, 0),
(985, '1214', 400, 28, 100, '2021-06-14 03:19:57', '2023-10-01', 1),
(986, '1214', 400, 28, 15, '2021-06-14 03:19:57', '2023-08-01', 1),
(987, 'C573', 280, 19.6, 42, '2021-06-14 03:19:57', '2022-01-01', 1),
(988, 'C489', 280, 19.6, 83, '2021-06-14 03:19:57', '2022-01-01', 1),
(989, 'C155', 280, 19.6, 35, '2021-06-14 03:19:57', '2022-01-01', 1),
(990, '3377', 500, 35, 50, '2021-06-14 03:52:04', '2023-03-01', 1),
(991, '4026', 500, 35, 25, '2021-06-14 03:52:04', '2023-02-01', 1),
(992, '9581', 2000, 140, 20, '2021-06-14 03:52:04', '2022-01-01', 1),
(993, '1217', 300, 21, 50, '2021-06-14 03:52:04', NULL, 0),
(994, '3292', 600, 42, 45, '2021-06-14 03:52:04', '2023-01-01', 1),
(995, '6095', 1390, 97.3, 42, '2021-06-14 03:52:04', NULL, 0),
(996, 'C722', 400, 28, 53, '2021-06-14 03:52:04', NULL, 0),
(997, 'C721', 400, 28, 49, '2021-06-14 03:52:04', NULL, 0),
(998, 'C720', 400, 28, 80, '2021-06-14 03:52:04', NULL, 0),
(999, 'C712', 400, 28, 47, '2021-06-14 03:52:04', NULL, 0),
(1000, 'C713', 400, 28, 47, '2021-06-14 03:52:04', NULL, 0),
(1001, 'C711', 230, 16.1, 47, '2021-06-14 03:52:04', '2023-04-01', 1),
(1002, 'C715', 400, 28, 72, '2021-06-14 03:52:04', NULL, 0),
(1003, 'C714', 230, 16.1, 48, '2021-06-14 03:52:04', '2023-02-01', 1),
(1004, '3287', 800, 56, 30, '2021-06-14 03:52:04', NULL, 0),
(1005, '3288', 800, 56, 30, '2021-06-14 03:52:04', '2024-01-01', 1),
(1006, '3280', 500, 35, 56, '2021-06-14 03:52:04', '2022-12-01', 1),
(1007, '3279', 400, 28, 38, '2021-06-14 03:52:04', '2023-11-01', 1),
(1008, '8012', 300, 21, 25, '2021-06-14 03:52:04', '2022-12-01', 1),
(1009, '8013', 300, 21, 27, '2021-06-14 03:52:04', '2022-12-01', 1),
(1010, '8016', 300, 21, 26, '2021-06-14 03:52:04', '2022-12-01', 1),
(1011, '8014', 300, 21, 25, '2021-06-14 03:52:04', '2022-12-01', 1),
(1012, '8015', 300, 21, 26, '2021-06-14 03:52:04', '2022-12-01', 1),
(1013, '6095', 1390, 97.3, 49, '2021-06-14 03:52:04', NULL, 0),
(1014, '6676', 300, 21, 20, '2021-06-14 03:52:04', '2022-10-01', 1),
(1015, '6679', 600, 42, 37, '2021-06-14 03:52:04', '2023-08-01', 1),
(1016, 'C716', 270, 18.9, 48, '2021-06-14 04:36:21', '2022-01-01', 1),
(1017, 'C700', 1000, 70, 48, '2021-06-14 04:36:21', '2024-04-01', 1),
(1018, 'C699', 1000, 70, 47, '2021-06-14 04:36:21', '2024-04-01', 1),
(1019, 'C706', 500, 35, 73, '2021-06-14 04:36:21', '2023-04-01', 1),
(1020, 'C705', 500, 35, 44, '2021-06-14 04:36:21', '2023-04-01', 1),
(1021, 'C707', 500, 35, 50, '2021-06-14 04:36:21', '2023-04-01', 1),
(1022, 'C708', 500, 35, 50, '2021-06-14 04:36:21', '2023-04-01', 1),
(1023, '4028', 450, 31.5, 30, '2021-06-14 04:36:21', NULL, 0),
(1024, '6096', 1390, 97.3, 49, '2021-06-14 04:36:21', '2022-01-01', 1),
(1025, '9601', 900, 63, 30, '2021-06-14 04:36:21', '2022-01-01', 1),
(1026, '9537', 900, 63, 30, '2021-06-14 04:36:21', '2022-02-01', 1),
(1027, '9547', 600, 42, 50, '2021-06-14 04:36:21', '2022-10-01', 1),
(1028, '9584', 300, 21, 49, '2021-06-14 04:36:21', '2022-04-01', 1),
(1029, '9514', 800, 56, 37, '2021-06-14 04:36:21', '2023-03-01', 1),
(1030, '9603', 1300, 91, 49, '2021-06-14 04:36:21', '2023-04-01', 1),
(1031, '5012', 400, 28, 90, '2021-06-14 04:36:21', '2024-04-01', 1),
(1032, '4002', 570, 39.9, 120, '2021-06-14 04:36:21', '2024-03-01', 1),
(1033, '9512', 500, 35, 50, '2021-06-14 04:36:21', '2023-04-01', 1),
(1034, '1206', 600, 42, 58, '2021-06-14 04:36:21', '2022-11-01', 1),
(1035, '2310', 1000, 70, 47, '2021-06-14 04:36:21', '2022-12-01', 1),
(1036, '3376', 500, 35, 50, '2021-06-14 04:36:21', '2023-03-01', 1),
(1037, '4035', 400, 28, 50, '2021-06-14 04:36:21', '2024-01-01', 1),
(1038, '2305', 700, 49, 108, '2021-06-14 05:02:05', '2022-08-01', 1),
(1039, 'C631', 400, 28, 105, '2021-06-14 05:02:05', '2022-09-01', 1),
(1040, 'C680', 600, 42, 33, '2021-06-14 05:02:05', '2023-07-01', 1),
(1041, 'C679', 600, 42, 50, '2021-06-14 05:02:05', '2023-07-01', 1),
(1042, 'C677', 600, 42, 46, '2021-06-14 05:02:05', '2023-10-01', 1),
(1043, 'C633', 400, 28, 150, '2021-06-14 05:02:05', '2022-09-01', 1),
(1044, 'C658', 400, 28, 154, '2021-06-14 05:02:05', '2022-08-01', 1),
(1045, 'C630', 300, 21, 35, '2021-06-14 05:02:05', '2022-04-01', 1),
(1046, 'C606', 400, 28, 36, '2021-06-14 05:02:05', '2022-08-01', 1),
(1047, 'C499', 400, 28, 106, '2021-06-14 05:02:05', '2022-11-01', 1),
(1048, 'C709', 500, 35, 50, '2021-06-14 05:02:05', '2023-04-01', 1),
(1049, 'C662', 400, 28, 79, '2021-06-14 05:02:05', '2023-09-01', 1),
(1050, '6679', 600, 42, 26, '2021-06-14 05:02:05', '2023-11-01', 1),
(1051, '6664', 700, 49, 11, '2021-06-14 05:02:05', '2022-01-01', 1),
(1052, '6663', 500, 35, 35, '2021-06-14 05:02:05', '2022-01-01', 1),
(1053, 'C685', 900, 63, 35, '2021-06-14 05:02:05', '2023-09-01', 1),
(1054, '3292', 400, 28, 240, '2021-06-14 05:02:05', '2022-09-01', 1),
(1055, '4020', 300, 21, 75, '2021-06-14 05:02:05', '2023-03-01', 1),
(1056, '4020', 300, 21, 66, '2021-06-14 05:02:05', '2022-10-01', 1),
(1057, '8009', 400, 28, 201, '2021-06-14 05:02:05', '2023-12-01', 1),
(1058, '8011', 400, 28, 176, '2021-06-14 05:02:05', '2024-03-01', 1),
(1059, '8010', 400, 28, 194, '2021-06-14 05:02:05', '2023-12-01', 1),
(1060, 'C719', 270, 18.9, 49, '2021-06-14 05:02:05', '2022-01-01', 1),
(1061, 'V056', 400, 28, 20, '2021-06-14 05:19:20', '2022-11-01', 1),
(1062, 'C703', 600, 42, 83, '2021-06-14 05:19:20', '2024-04-01', 1),
(1063, 'C704', 600, 42, 73, '2021-06-14 05:19:20', '2024-04-01', 1),
(1064, 'C679', 600, 42, 25, '2021-06-14 05:19:20', '2024-04-01', 1),
(1065, 'C696', 300, 21, 50, '2021-06-14 05:19:20', '2023-11-01', 1),
(1066, 'C534', 350, 24.5, 27, '2021-06-14 05:19:20', '2023-09-01', 1),
(1067, 'V046', 400, 28, 17, '2021-06-14 05:19:20', '2023-10-01', 1),
(1068, '5005', 350, 24.5, 33, '2021-06-14 05:19:20', '2022-12-01', 1),
(1069, '5005', 350, 24.5, 14, '2021-06-14 05:19:20', '2022-09-01', 1),
(1070, 'C600', 200, 14, 14, '2021-06-14 05:19:20', '2025-11-01', 1),
(1071, 'C682', 280, 19.6, 25, '2021-06-14 05:19:20', '2025-02-01', 1),
(1072, 'C132', 400, 28, 30, '2021-06-14 05:19:20', '2022-10-01', 1),
(1073, 'C681', 280, 19.6, 23, '2021-06-14 05:19:20', '2025-03-01', 1),
(1074, 'C681', 280, 19.6, 47, '2021-06-14 05:19:20', '2025-07-01', 1),
(1075, 'C636', 500, 35, 20, '2021-06-14 05:19:20', '2022-12-01', 1),
(1076, '6629', 600, 42, 48, '2021-06-14 05:19:20', '2022-09-01', 1),
(1077, '6662', 700, 49, 42, '2021-06-14 05:19:20', '2022-01-01', 1),
(1078, 'C410', 500, 35, 38, '2021-06-14 05:19:20', '2022-03-01', 1),
(1079, 'C408', 400, 28, 48, '2021-06-14 05:19:20', '2022-08-01', 1),
(1080, '5005', 350, 24.5, 4, '2021-06-14 05:28:53', '2022-05-01', 1),
(1081, '5005', 350, 24.5, 2, '2021-06-14 05:28:53', '2022-08-01', 1),
(1082, '2311', 1190, 83.3, 43, '2021-06-14 05:35:59', '2022-12-01', 1),
(1083, '2310', 1000, 70, 21, '2021-06-14 05:35:59', NULL, 0),
(1084, '3276', 500, 35, 78, '2021-06-14 05:35:59', '2022-09-01', 1),
(1085, '3275', 450, 31.5, 20, '2021-06-14 05:35:59', '2022-08-01', 1),
(1086, '3275', 450, 31.5, 49, '2021-06-14 05:35:59', '2022-11-01', 1),
(1087, '3295', 350, 24.5, 53, '2021-06-14 05:35:59', '2022-08-01', 1),
(1088, '3272', 450, 31.5, 68, '2021-06-14 05:35:59', '2022-08-01', 1),
(1089, '3286', 600, 42, 11, '2021-06-14 05:35:59', NULL, 0),
(1090, '3274', 400, 28, 66, '2021-06-14 05:35:59', '2022-09-01', 1),
(1091, '3271', 300, 21, 11, '2021-06-14 05:35:59', '2022-08-01', 1),
(1092, '3271', 300, 21, 80, '2021-06-14 05:35:59', '2022-10-01', 1),
(1093, 'M250', 700, 49, 8, '2021-06-14 05:35:59', '2022-09-01', 1),
(1094, 'M210', 700, 49, 8, '2021-06-14 05:35:59', '2023-09-01', 1),
(1095, 'M267', 700, 49, 8, '2021-06-14 05:35:59', '2023-09-01', 1),
(1096, 'F297', 700, 49, 3, '2021-06-14 05:35:59', '2022-09-01', 1),
(1097, 'F280', 650, 45.5, 2, '2021-06-14 05:35:59', '2023-09-01', 1),
(1098, 'F269', 700, 49, 1, '2021-06-14 05:35:59', '2022-09-01', 1),
(1099, 'F298', 700, 49, 1, '2021-06-14 05:35:59', '2023-04-01', 1),
(1100, 'F206', 700, 49, 8, '2021-06-14 05:35:59', '2022-09-01', 1),
(1101, 'F288', 700, 49, 8, '2021-06-14 05:35:59', '2022-09-01', 1),
(1102, 'F301', 700, 49, 7, '2021-06-14 05:35:59', '2023-09-01', 1),
(1103, 'M270', 700, 49, 1, '2021-06-14 05:35:59', '2023-09-01', 1),
(1104, 'V058', 400, 28, 27, '2021-06-14 05:35:59', '2022-10-01', 1),
(1105, 'V047', 400, 28, 27, '2021-06-14 05:35:59', '2023-09-01', 1),
(1106, 'C489', 280, 19.6, 37, '2021-06-14 05:58:07', '2022-01-01', 1),
(1107, 'C493', 280, 19.6, 28, '2021-06-14 05:58:07', '2022-01-01', 1),
(1108, 'C157', 280, 19.6, 32, '2021-06-14 05:58:07', '2022-01-01', 1),
(1109, 'C650', 280, 19.6, 25, '2021-06-14 05:58:07', '2022-01-01', 1),
(1110, 'C548', 270, 18.9, 34, '2021-06-14 05:58:07', '2022-01-01', 1),
(1111, 'C486', 280, 19.6, 27, '2021-06-14 05:58:07', '2022-01-01', 1),
(1112, 'C573', 280, 19.6, 9, '2021-06-14 05:58:07', '2022-01-01', 1),
(1113, 'C159', 370, 25.9, 40, '2021-06-14 05:58:07', '2022-09-01', 1),
(1114, 'C628', 600, 42, 86, '2021-06-14 05:58:07', '2022-01-01', 0),
(1115, 'C160', 370, 25.9, 46, '2021-06-14 05:58:07', '2022-09-01', 1),
(1116, '4018', 270, 18.9, 46, '2021-06-14 05:58:07', NULL, 1),
(1117, '3290', 370, 25.9, 37, '2021-06-14 05:58:07', NULL, 1),
(1118, '8008', 700, 49, 5, '2021-06-14 05:58:07', '0000-00-00', 1),
(1119, '8006', 700, 49, 7, '2021-06-14 05:58:07', '0000-00-00', 1),
(1120, 'M268', 700, 49, 1, '2021-06-14 05:58:07', '2022-12-01', 1),
(1121, 'C156', 280, 19.6, 8, '2021-06-14 05:58:07', '0000-00-00', 1),
(1122, 'C708', 500, 35, 1, '2021-06-14 05:58:07', '2023-04-01', 0),
(1123, 'C707', 500, 35, 1, '2021-06-14 05:58:07', '2023-04-01', 1),
(1124, 'C710', 500, 35, 0, '2021-06-14 05:58:07', '2023-04-01', 0),
(1125, 'C628', 600, 42, 1, '2021-06-14 05:58:07', '2022-01-01', 0),
(1126, 'C662', 400, 28, 1, '2021-06-14 05:58:07', '2023-09-01', 0),
(1127, 'C719', 280, 19.6, 1, '2021-06-14 05:58:38', '2022-01-01', 0),
(1128, 'C624', 230, 16.1, 29, '2021-06-15 03:42:39', '2023-03-01', 1),
(1129, '3375', 550, 38.5, 20, '2021-06-15 03:42:39', '2024-04-01', 1),
(1130, '9563', 700, 49, 29, '2021-06-15 03:42:39', '2022-03-01', 1),
(1131, '5504', 600, 42, 50, '2021-06-15 03:42:39', '2023-03-01', 1),
(1132, '5012', 400, 28, 48, '2021-06-15 03:42:39', '2024-05-01', 1),
(1133, '3279', 400, 28, 100, '2021-06-15 03:42:39', '2024-05-01', 1),
(1134, '3280', 500, 35, 50, '2021-06-15 03:42:39', '2022-12-01', 1),
(1135, '3280', 500, 35, 50, '2021-06-15 03:42:39', NULL, 0),
(1136, 'C606', 400, 28, 20, '2021-06-15 03:42:39', '2022-08-01', 1),
(1137, '9595', 600, 42, 30, '2021-06-15 03:42:39', '2023-04-01', 1),
(1138, '4032', 500, 35, 50, '2021-06-15 04:14:57', '2024-02-01', 1),
(1139, 'F269', 650, 45.5, 5, '2021-06-17 10:39:53', '2022-09-01', 0),
(1140, 'F273', 650, 45.5, 6, '2021-06-17 10:39:53', '2023-10-01', 1),
(1141, 'F275', 650, 45.5, 6, '2021-06-17 10:39:53', '2022-11-01', 1),
(1142, 'F276', 650, 45.5, 6, '2021-06-17 10:39:53', '2023-08-01', 1),
(1143, 'F277', 700, 49, 6, '2021-06-17 10:39:53', '2023-01-01', 1),
(1144, 'F278', 650, 45.5, 6, '2021-06-17 10:39:53', '2022-10-01', 1),
(1145, 'F275', 700, 49, 4, '2021-06-17 10:39:53', '2022-11-01', 1),
(1146, 'F276', 700, 49, 4, '2021-06-17 10:39:53', '2022-08-01', 1),
(1147, 'F277', 700, 49, 5, '2021-06-17 10:39:53', '2023-08-01', 1),
(1148, 'F278', 700, 49, 4, '2021-06-17 10:39:53', '2022-11-01', 1),
(1149, '9563', 700, 49, 3, '2021-06-17 10:39:53', '2021-11-01', 1),
(1150, '9563', 700, 49, 1, '2021-06-17 11:08:50', '2023-09-01', 0),
(1151, '9523', 650, 45.5, 7, '2021-06-17 11:08:50', '2022-07-01', 1),
(1152, '9518', 800, 56, 4, '2021-06-17 11:08:50', '2022-12-01', 1),
(1153, '9518', 800, 56, 4, '2021-06-17 11:08:50', '2022-08-01', 1),
(1154, '9606', 900, 63, 3, '2021-06-17 11:08:50', '2022-05-01', 1),
(1155, '9606', 900, 63, 4, '2021-06-17 11:08:50', '2022-03-01', 1),
(1156, '9606', 900, 63, 2, '2021-06-17 11:08:50', '2023-11-01', 1),
(1157, '5504', 700, 49, 4, '2021-06-17 11:08:50', '2022-08-01', 1),
(1158, '9564', 700, 49, 7, '2021-06-17 11:08:50', '2023-11-01', 1),
(1159, '9602', 800, 56, 15, '2021-06-17 11:08:50', '2022-02-01', 1),
(1160, '5509', 800, 56, 14, '2021-06-17 11:08:50', '2022-11-01', 1),
(1161, '9603', 1300, 91, 6, '2021-06-17 11:08:50', '2023-02-01', 0),
(1162, '4031', 500, 35, 64, '2021-06-17 11:51:42', '2023-10-01', 1),
(1163, '4031', 0, 0, 1, '2021-06-17 11:51:42', '2023-07-01', 1),
(1164, '4033', 500, 35, 27, '2021-06-17 11:51:42', '2023-10-01', 1),
(1165, '4033', 500, 35, 48, '2021-06-17 11:51:42', '2024-02-01', 1),
(1166, '2313', 1190, 83.3, 76, '2021-06-17 11:51:42', '2023-02-01', 1),
(1167, '3382', 550, 38.5, 37, '2021-06-17 11:51:42', '2023-02-01', 1),
(1168, '3382', 600, 42, 3, '2021-06-17 11:51:42', '2022-01-01', 1),
(1169, '3382', 600, 42, 20, '2021-06-17 11:51:42', '2022-08-01', 1),
(1170, '4028', 450, 31.5, 17, '2021-06-17 11:51:42', '2023-11-01', 1),
(1171, '4028', 450, 31.5, 7, '2021-06-17 11:51:42', '2022-01-01', 1),
(1172, '4028', 450, 31.5, 40, '2021-06-17 11:51:42', '2023-03-01', 1),
(1173, '4028', 450, 31.5, 1, '2021-06-17 11:51:42', '2023-09-01', 1),
(1174, '3286', 500, 35, 38, '2021-06-17 11:51:42', '2023-02-01', 1),
(1175, '3286', 600, 42, 31, '2021-06-17 11:51:42', '2022-11-01', 1),
(1176, '3286', 600, 42, 24, '2021-06-17 11:51:42', '2023-02-01', 1),
(1177, '4002', 570, 39.9, 158, '2021-06-17 11:51:42', '2024-01-01', 1),
(1178, '4002', 570, 39.9, 27, '2021-06-17 11:51:42', '2024-03-01', 1),
(1179, '4037', 400, 28, 51, '2021-06-17 11:51:42', '2023-02-01', 1),
(1180, '4026', 500, 35, 24, '2021-06-17 11:51:42', '2022-10-01', 1),
(1181, '5005', 350, 24.5, 38, '2021-06-17 11:51:42', '2023-10-01', 1),
(1182, '5005', 350, 24.5, 42, '2021-06-17 11:51:42', '2023-06-01', 1),
(1183, '1219', 700, 49, 28, '2021-06-17 11:51:42', '2022-11-01', 1),
(1184, '4032', 500, 35, 46, '2021-06-17 11:51:42', '2024-02-01', 1),
(1185, '1208', 400, 28, 46, '2021-06-17 11:51:42', '2022-08-01', 1),
(1186, 'C691', 230, 16.1, 14, '2021-06-17 03:50:28', '2022-07-01', 1),
(1187, 'C690', 230, 16.1, 13, '2021-06-17 03:50:28', '2022-07-01', 1),
(1188, 'C689', 230, 16.1, 19, '2021-06-17 03:50:28', '2022-07-01', 1),
(1189, 'C688', 230, 16.1, 12, '2021-06-17 03:50:28', '2022-02-01', 1),
(1190, 'C687', 230, 16.1, 10, '2021-06-17 03:50:28', '2022-07-01', 1),
(1191, 'C687', 230, 16.1, 25, '2021-06-17 03:50:28', '2022-01-01', 1),
(1192, 'C688', 230, 16.1, 12, '2021-06-17 03:50:28', '2023-10-01', 1),
(1193, 'C689', 230, 16.1, 11, '2021-06-17 03:50:28', '2022-02-01', 1),
(1194, 'C690', 230, 16.1, 12, '2021-06-17 03:50:28', '2022-02-01', 1),
(1195, 'C691', 230, 16.1, 11, '2021-06-17 03:50:28', '2022-07-01', 1),
(1196, '8007', 700, 49, 2, '2021-06-17 03:50:28', '2022-12-01', 1),
(1197, '6678', 290, 20.3, 33, '2021-06-17 03:50:28', '2022-08-01', 1),
(1198, '6677', 290, 20.3, 25, '2021-06-17 03:50:28', '2022-08-01', 1),
(1199, '6676', 290, 20.3, 14, '2021-06-17 03:50:28', '2022-08-01', 1),
(1200, '6675', 290, 20.3, 16, '2021-06-17 03:50:28', '2022-08-01', 1),
(1201, '6672', 290, 20.3, 19, '2021-06-17 03:50:28', '2022-08-01', 1),
(1202, '6674', 290, 20.3, 20, '2021-06-17 03:50:28', '2022-08-01', 1),
(1203, '6673', 290, 20.3, 8, '2021-06-17 03:50:28', '2022-08-01', 1),
(1204, '6672', 300, 21, 11, '2021-06-17 03:50:28', '2022-08-01', 1),
(1205, '9607', 900, 63, 10, '2021-06-17 03:50:28', '2022-04-01', 1),
(1206, '1218', 600, 42, 13, '2021-06-17 03:50:28', '2022-11-01', 1),
(1207, '1219', 500, 35, 18, '2021-06-17 03:50:28', '2022-11-01', 1),
(1208, '3385', 500, 35, 6, '2021-06-17 03:50:28', '2021-12-01', 1),
(1209, '3380', 500, 35, 5, '2021-06-17 03:50:28', '2022-08-01', 1),
(1210, '3381', 500, 35, 5, '2021-06-17 04:31:20', '2022-01-01', 1),
(1211, '3384', 500, 35, 2, '2021-06-17 04:31:20', '2022-08-01', 1),
(1212, 'C507', 230, 16.1, 3, '2021-06-17 04:31:20', '2022-02-01', 1),
(1213, '3384', 700, 49, 0, '2021-06-17 04:31:20', '2022-09-01', 0),
(1214, '3389', 500, 35, 3, '2021-06-17 04:31:20', '2022-10-01', 1),
(1215, '3386', 500, 35, 5, '2021-06-17 04:31:20', '2022-08-01', 1),
(1216, '3394', 500, 35, 5, '2021-06-17 04:31:20', '2022-10-01', 1),
(1217, '3362', 400, 28, 2, '2021-06-17 04:31:20', '2023-09-01', 1),
(1218, '9514', 800, 56, 1, '2021-06-17 04:31:20', '2023-03-01', 1),
(1219, '3394', 700, 49, 1, '2021-06-17 04:31:20', '2022-11-01', 1),
(1220, '3389', 500, 35, 0, '2021-06-17 04:31:20', '2022-10-01', 0),
(1221, '3386', 500, 35, 1, '2021-06-17 04:31:20', '2022-08-01', 1),
(1222, 'S002', 300, 21, 3, '2021-06-17 04:31:20', '2022-04-01', 1),
(1223, 'C302', 230, 16.1, 5, '2021-06-17 04:31:20', '2022-07-01', 1),
(1224, '3382', 600, 42, 8, '2021-06-17 04:31:20', '2022-01-01', 1),
(1225, '3390', 600, 42, 8, '2021-06-17 04:31:20', '2022-07-01', 1),
(1226, 'C669', 350, 24.5, 19, '2021-06-17 04:31:20', '2022-07-01', 1),
(1227, '8012', 250, 17.5, 11, '2021-06-17 04:31:20', '2022-12-01', 1),
(1228, '8013', 250, 17.5, 11, '2021-06-17 04:31:20', '2022-12-01', 1),
(1229, '8014', 250, 17.5, 12, '2021-06-17 04:31:20', '2022-12-01', 1),
(1230, 'M259', 650, 45.5, 11, '2021-06-18 09:16:20', '2021-10-01', 1),
(1231, 'M260', 650, 45.5, 2, '2021-06-18 09:16:20', '2022-01-01', 1),
(1232, 'M261', 650, 45.5, 5, '2021-06-18 09:16:20', '2022-09-01', 1),
(1233, 'M264', 650, 45.5, 4, '2021-06-18 09:16:20', '2022-09-01', 1),
(1234, 'M265', 700, 49, 4, '2021-06-18 09:16:20', NULL, 0),
(1235, 'M266', 700, 49, 9, '2021-06-18 09:16:20', NULL, 0),
(1236, 'M267', 700, 49, 9, '2021-06-18 09:16:20', '2022-04-01', 1),
(1237, 'M268', 700, 49, 11, '2021-06-18 09:16:20', '2022-06-01', 1),
(1238, 'M269', 650, 45.5, 11, '2021-06-18 09:16:20', '2022-09-01', 1),
(1239, 'M269', 700, 49, 11, '2021-06-18 09:16:20', NULL, 0),
(1240, 'M270', 650, 45.5, 7, '2021-06-18 09:16:20', '2022-09-01', 1),
(1241, 'M271', 650, 45.5, 10, '2021-06-18 09:16:20', '2023-02-01', 1),
(1242, 'M272', 700, 49, 14, '2021-06-18 09:16:20', '2023-02-01', 1),
(1243, '6073', 1000, 70, 6, '2021-06-18 09:16:20', '2023-01-01', 1),
(1244, '6074', 1000, 70, 6, '2021-06-18 09:16:20', '2023-01-01', 1),
(1245, '6085', 1190, 83.3, 2, '2021-06-18 09:16:20', '2023-05-01', 1),
(1246, '6086', 1390, 97.3, 3, '2021-06-18 09:16:20', '2023-06-01', 1),
(1247, '6097', 1390, 97.3, 0, '2021-06-18 09:16:20', '2024-04-01', 1),
(1248, '6084', 1000, 70, 1, '2021-06-18 09:16:20', '2023-09-01', 1),
(1249, '6001', 700, 49, 3, '2021-06-18 09:16:20', '2023-08-01', 1),
(1250, '6078', 1300, 91, 15, '2021-06-18 09:16:20', '2023-01-01', 1),
(1251, 'F210', 700, 49, 1, '2021-06-18 09:16:20', '2023-10-01', 1),
(1252, 'F299', 700, 49, 20, '2021-06-18 09:16:20', '2023-12-01', 1),
(1253, 'F293', 0, 0, 24, '2021-06-18 09:16:20', '2023-06-01', 1),
(1254, 'F292', 700, 49, 28, '2021-06-18 09:16:20', '2023-08-01', 1),
(1255, 'F295', 700, 49, 6, '2021-06-18 09:16:20', '2023-10-01', 1),
(1256, 'M265', 650, 45.5, 9, '2021-06-18 09:22:33', '2022-09-01', 1),
(1257, 'M266', 650, 45.5, 5, '2021-06-18 09:24:20', '2022-02-01', 1),
(1258, 'M269', 700, 49, 11, '2021-06-18 09:27:55', NULL, 0),
(1259, 'M250', 700, 49, 7, '2021-06-18 09:54:45', '2023-11-01', 1),
(1260, '6077', 1000, 70, 5, '2021-06-18 09:54:45', '2021-08-01', 1),
(1261, 'F297', 700, 49, 1, '2021-06-18 09:54:45', '2022-09-01', 1),
(1262, 'F296', 700, 49, 5, '2021-06-18 09:54:45', '2023-12-01', 1),
(1263, 'F294', 700, 49, 10, '2021-06-18 09:54:45', '2023-02-01', 1),
(1264, 'F290', 650, 45.5, 10, '2021-06-18 09:54:45', '2022-01-01', 1),
(1265, 'F289', 650, 45.5, 5, '2021-06-18 09:54:45', '2023-02-01', 1),
(1266, 'F288', 700, 49, 10, '2021-06-18 09:54:45', '2022-01-01', 1),
(1267, 'F286', 650, 45.5, 3, '2021-06-18 09:54:45', '2023-12-01', 1),
(1268, 'F284', 650, 45.5, 12, '2021-06-18 09:54:45', '2023-01-01', 1),
(1269, 'F281', 650, 45.5, 1, '2021-06-18 09:54:45', '2022-09-01', 1),
(1270, '6094', 1190, 83.3, 3, '2021-06-18 09:54:45', '2023-12-01', 1),
(1271, 'F308', 650, 45.5, 0, '2021-06-18 09:54:45', '2023-12-01', 1),
(1272, 'F307', 650, 45.5, 1, '2021-06-18 09:54:45', '2023-07-01', 1),
(1273, 'F306', 650, 45.5, 4, '2021-06-18 09:54:45', '2023-08-01', 1),
(1274, 'F304', 650, 45.5, 4, '2021-06-18 09:54:45', '2022-09-01', 1),
(1275, 'F303', 650, 45.5, 5, '2021-06-18 09:54:45', '2022-10-01', 1),
(1276, 'F302', 650, 45.5, 11, '2021-06-18 09:54:45', '2022-09-01', 1),
(1277, 'F301', 700, 49, 4, '2021-06-18 09:54:45', '2022-08-01', 1),
(1278, 'F300', 650, 45.5, 3, '2021-06-18 09:54:45', '2022-08-01', 1),
(1279, 'F299', 650, 45.5, 13, '2021-06-18 09:54:45', '2023-12-01', 1),
(1280, 'F298', 650, 45.5, 4, '2021-06-18 09:54:45', '2022-10-01', 1),
(1281, '6066', 1390, 97.3, 9, '2021-06-18 09:54:45', '2022-12-01', 1),
(1282, '6081', 900, 63, 8, '2021-06-18 09:54:45', '2022-08-01', 1),
(1283, '6082', 1000, 70, 6, '2021-06-18 09:54:45', '2022-08-01', 1),
(1284, '4027', 400, 28, 1, '2021-06-18 10:22:08', '2023-10-01', 1),
(1285, '2305', 700, 49, 1, '2021-06-18 10:22:08', '2022-09-01', 0),
(1286, 'V044', 700, 49, 1, '2021-06-18 10:22:08', '2023-07-01', 1),
(1287, 'V053', 700, 49, 2, '2021-06-18 10:22:08', '2023-09-01', 1),
(1288, 'V055', 600, 42, 5, '2021-06-18 10:22:08', '2022-11-01', 1),
(1289, 'V044', 600, 42, 3, '2021-06-18 10:22:08', '2023-01-01', 1),
(1290, 'V053', 600, 42, 2, '2021-06-18 10:22:08', '2023-01-01', 1),
(1291, '1213', 800, 56, 18, '2021-06-18 10:22:08', '2022-06-01', 1),
(1292, '4031', 500, 35, 1, '2021-06-18 10:22:08', '2023-01-01', 1),
(1293, '1213', 600, 42, 2, '2021-06-18 10:22:08', '2022-09-01', 1),
(1294, '1215', 800, 56, 12, '2021-06-18 10:22:08', '2023-06-01', 1),
(1295, '1215', 800, 56, 2, '2021-06-18 10:22:08', '2023-07-01', 1),
(1296, '1215', 800, 56, 5, '2021-06-18 10:22:08', '2023-05-01', 1),
(1297, '1212', 600, 42, 17, '2021-06-18 10:22:08', '2022-08-01', 1),
(1298, '1214', 500, 35, 0, '2021-06-18 10:22:08', '2023-05-01', 1),
(1299, '1214', 400, 28, 8, '2021-06-18 10:22:08', '2023-08-01', 1),
(1300, '9594', 700, 49, 5, '2021-06-18 10:22:08', '2022-09-01', 1),
(1301, '9594', 600, 42, 4, '2021-06-18 10:22:08', '2023-01-01', 1),
(1302, '9547', 700, 49, 22, '2021-06-18 10:22:08', '2022-04-01', 1),
(1303, '9547', 600, 42, 8, '2021-06-18 10:22:08', '2022-04-01', 1),
(1304, '9512', 500, 35, 8, '2021-06-18 10:22:08', '2022-10-01', 1),
(1305, '1206', 600, 42, 0, '2021-06-18 10:22:08', '2022-07-01', 0),
(1306, '1206', 600, 42, 3, '2021-06-18 10:22:08', '2022-08-01', 1),
(1307, '3279', 500, 35, 20, '2021-06-21 11:58:15', '2023-11-01', 1),
(1308, '3277', 500, 35, 17, '2021-06-21 11:58:15', '2023-01-01', 1),
(1309, '3287', 600, 42, 19, '2021-06-21 11:58:15', '2023-07-01', 1),
(1310, '3288', 600, 42, 20, '2021-06-21 11:58:15', '2022-11-01', 1),
(1311, '3289', 600, 42, 17, '2021-06-21 11:58:15', '2024-01-01', 1),
(1312, '3278', 500, 35, 20, '2021-06-21 11:58:15', '2023-02-01', 1),
(1313, '3612', 0, 0, 0, '2021-06-21 11:58:15', '2023-08-01', 0),
(1314, '3612', 0, 0, 1, '2021-06-21 11:58:15', '2023-12-01', 1),
(1315, '4035', 400, 28, 3, '2021-06-21 11:58:15', '2024-01-01', 1),
(1316, '4031', 500, 35, 3, '2021-06-21 11:58:15', '2023-10-01', 1),
(1317, '4033', 500, 35, 6, '2021-06-21 11:58:15', '2023-10-01', 1),
(1318, '4032', 500, 35, 6, '2021-06-21 11:58:15', '2023-08-01', 1),
(1319, '4002', 530, 37.1, 0, '2021-06-21 11:58:15', '2024-01-01', 1),
(1320, '3272', 450, 31.5, 3, '2021-06-21 11:58:15', '2022-08-01', 1),
(1321, '4027', 400, 28, 7, '2021-06-21 11:58:15', '2022-09-01', 1),
(1322, '5005', 350, 24.5, 5, '2021-06-21 11:58:15', '2023-10-01', 1),
(1323, '4028', 480, 33.6, 6, '2021-06-21 11:58:15', '2023-11-01', 1),
(1324, '4026', 570, 39.9, 30, '2021-06-21 11:58:15', '2022-10-01', 1),
(1325, '5005', 350, 24.5, 0, '2021-06-21 11:58:15', '2023-06-01', 1),
(1326, '1207', 450, 31.5, 23, '2021-06-21 12:17:08', '2022-07-01', 1),
(1327, '1207', 450, 31.5, 9, '2021-06-21 12:17:08', '2023-03-01', 1),
(1328, '1205', 700, 49, 29, '2021-06-21 12:17:08', '2022-09-01', 1),
(1329, '1205', 650, 45.5, 1, '2021-06-21 12:17:08', '2022-08-01', 1),
(1330, '5012', 400, 28, 3, '2021-06-21 12:17:08', '2024-02-01', 1),
(1331, '9608', 500, 35, 2, '2021-06-21 12:17:08', '2022-03-01', 1),
(1332, '9532', 0, 0, 12, '2021-06-21 12:17:08', NULL, 0),
(1333, '9530', 600, 42, 9, '2021-06-21 12:17:08', '2023-07-01', 1),
(1334, '9537', 900, 63, 27, '2021-06-21 12:17:08', '2022-01-01', 1),
(1335, '9601', 900, 63, 21, '2021-06-21 12:17:08', '2023-09-01', 1),
(1336, '9589', 900, 63, 13, '2021-06-21 12:17:08', '2022-09-01', 1),
(1337, '9582', 500, 35, 14, '2021-06-21 12:17:08', '2023-08-01', 1),
(1338, '9588', 800, 56, 24, '2021-06-21 12:17:08', '2022-06-01', 1),
(1339, '9505', 500, 35, 1, '2021-06-21 12:17:08', '2022-03-01', 0),
(1340, '1217', 300, 21, 36, '2021-06-21 12:17:08', '2022-03-01', 0),
(1341, '1217', 300, 21, 1, '2021-06-21 12:17:08', '2022-08-01', 0),
(1342, '1216', 400, 28, 23, '2021-06-21 12:17:08', '2023-08-01', 1),
(1343, '3387', 700, 49, 10, '2021-06-21 12:17:08', '2023-09-01', 0),
(1344, '9599', 700, 49, 6, '2021-06-21 12:17:08', '2022-08-01', 1),
(1345, '9532', 500, 35, 12, '2021-06-21 12:24:25', NULL, 1),
(1346, '9532', 600, 42, 12, '2021-06-21 12:25:21', '2022-01-01', 1),
(1347, '1218', 900, 63, 1, '2021-06-21 04:51:56', '2022-10-01', 1),
(1348, '2307', 650, 45.5, 1, '2021-06-21 04:51:56', '0000-00-00', 1),
(1349, '2307', 1000, 70, 16, '2021-06-21 04:51:56', '2022-06-01', 1),
(1350, '2307', 1000, 70, 2, '2021-06-21 04:51:56', '2023-02-01', 1),
(1351, '2309', 1190, 83.3, 17, '2021-06-21 04:51:56', '2023-11-01', 1),
(1352, '3274', 430, 30.1, 2, '2021-06-21 04:51:56', '2023-11-01', 1),
(1353, '3274', 400, 28, 0, '2021-06-21 04:51:56', '2022-01-01', 1),
(1354, '3274', 400, 28, 1, '2021-06-21 04:51:56', '2022-04-01', 1),
(1355, '4035', 400, 28, 1, '2021-06-21 04:51:56', '2021-10-01', 1),
(1356, '2303', 900, 63, 10, '2021-06-21 04:51:56', '2022-01-01', 1),
(1357, '2302', 900, 63, 15, '2021-06-21 04:51:56', '2022-06-01', 1),
(1358, '2311', 1000, 70, 5, '2021-06-21 04:51:56', '2022-09-01', 1),
(1359, '2311', 1190, 83.3, 1, '2021-06-21 04:51:56', '2022-07-01', 1),
(1360, '2310', 1100, 77, 8, '2021-06-21 04:51:56', '2022-09-01', 1),
(1361, '2310', 1000, 70, 2, '2021-06-21 04:51:56', '2022-12-01', 1),
(1362, '3271', 430, 30.1, 0, '2021-06-21 04:51:56', '2022-08-01', 1),
(1363, '3271', 300, 21, 1, '2021-06-21 04:51:56', '2022-10-01', 1),
(1364, '2308', 1000, 70, 11, '2021-06-21 04:51:56', '2022-06-01', 1),
(1365, '2308', 1190, 83.3, 8, '2021-06-21 04:51:56', '2022-01-01', 1),
(1366, '2300', 1000, 70, 19, '2021-06-21 04:51:56', '2022-08-01', 1),
(1367, '2305', 700, 49, 14, '2021-06-21 04:51:56', '2022-08-01', 1),
(1368, '3280', 500, 35, 19, '2021-06-21 04:51:56', NULL, 1),
(1369, '2305', 700, 49, 14, '2021-06-21 04:51:56', NULL, 1),
(1370, '3280', 500, 35, 19, '2021-06-21 04:51:56', '2022-12-01', 1),
(1371, 'F210', 650, 45.5, 10, '2021-06-21 05:23:13', '2022-01-01', 1),
(1372, 'F204', 650, 45.5, 2, '2021-06-21 05:23:13', '2023-11-01', 1),
(1373, 'F204', 700, 49, 7, '2021-06-21 05:23:13', '2022-04-01', 1),
(1374, 'F207', 650, 45.5, 6, '2021-06-21 05:23:13', '2023-12-01', 1),
(1375, 'F207', 700, 49, 2, '2021-06-21 05:23:13', '2022-01-01', 1),
(1376, 'F207', 700, 49, 3, '2021-06-21 05:23:13', NULL, 1),
(1377, 'F208', 650, 45.5, 1, '2021-06-21 05:23:13', '2023-09-01', 1),
(1378, 'F211', 650, 45.5, 2, '2021-06-21 05:23:13', '2022-09-01', 1),
(1379, 'F211', 700, 49, 2, '2021-06-21 05:23:13', NULL, 1),
(1380, 'F211', 700, 49, 1, '2021-06-21 05:23:13', '2022-01-01', 1),
(1381, 'M248', 700, 49, 1, '2021-06-21 05:23:13', '2022-04-01', 1),
(1382, 'F214', 650, 45.5, 6, '2021-06-21 05:23:13', '2023-11-01', 1),
(1383, 'F214', 700, 49, 5, '2021-06-21 05:23:13', '2023-09-01', 1),
(1384, 'F221', 650, 45.5, 3, '2021-06-21 05:23:13', '2022-10-01', 1),
(1385, 'F222', 650, 45.5, 4, '2021-06-21 05:23:13', '2023-10-01', 1),
(1386, 'F225', 650, 45.5, 3, '2021-06-21 05:23:13', '2022-01-01', 1),
(1387, 'F229', 650, 45.5, 5, '2021-06-21 05:23:13', '2023-01-01', 1);
INSERT INTO `inventario` (`id`, `codp`, `pupesos`, `pubs`, `cantidad`, `fecha_reg`, `fecha_venc`, `estado`) VALUES
(1388, 'F221', 700, 49, 6, '2021-06-21 05:23:13', '2022-10-01', 1),
(1389, 'F222', 700, 49, 6, '2021-06-21 05:23:13', '2022-04-01', 1),
(1390, 'F225', 700, 49, 6, '2021-06-21 05:23:13', '2022-01-01', 1),
(1391, 'F229', 700, 49, 6, '2021-06-21 05:23:13', '2023-01-01', 1),
(1392, 'F233', 650, 45.5, 6, '2021-06-21 05:23:13', '2022-12-01', 1),
(1393, 'F249', 650, 45.5, 6, '2021-06-21 05:23:13', '2022-11-01', 1),
(1394, 'F256', 650, 45.5, 6, '2021-06-21 05:23:13', '2022-12-01', 1),
(1395, 'F258', 700, 49, 4, '2021-06-21 05:23:13', '2021-09-01', 1),
(1396, 'F249', 700, 49, 5, '2021-06-21 05:23:13', '2023-11-01', 1),
(1397, 'F256', 700, 49, 1, '2021-06-21 05:23:13', '2022-12-01', 1),
(1398, 'F258', 700, 49, 2, '2021-06-21 05:23:13', '2023-09-01', 1),
(1399, '9530', 500, 35, 1, '2021-06-21 05:51:39', '2023-07-01', 1),
(1400, '9608', 500, 35, 1, '2021-06-21 05:51:39', '2022-10-01', 1),
(1401, '9512', 430, 30.1, 1, '2021-06-21 05:51:39', '0000-00-00', 1),
(1402, '9547', 600, 42, 1, '2021-06-21 05:51:39', '2022-02-01', 0),
(1403, '3293', 300, 21, 1, '2021-06-21 05:51:39', '2022-09-01', 1),
(1404, '3280', 500, 35, 1, '2021-06-21 05:51:39', '2022-09-01', 1),
(1405, '3275', 450, 31.5, 1, '2021-06-21 05:51:39', '2022-05-01', 1),
(1406, '3278', 500, 35, 0, '2021-06-21 05:51:39', '2022-07-01', 1),
(1407, '3276', 500, 35, 1, '2021-06-21 05:51:39', '2022-09-01', 1),
(1408, '3385', 500, 35, 1, '2021-06-21 05:51:39', '2023-12-01', 1),
(1409, '3386', 500, 35, 1, '2021-06-21 05:51:39', '2022-08-01', 1),
(1410, '3388', 500, 35, 1, '2021-06-21 05:51:39', '2022-02-01', 1),
(1411, '3389', 700, 49, 1, '2021-06-21 05:51:39', '2022-02-01', 1),
(1412, '3380', 500, 35, 0, '2021-06-21 05:51:39', '2022-08-01', 0),
(1413, '3381', 500, 35, 1, '2021-06-21 05:51:39', '2022-01-01', 0),
(1414, 'F293', 0, 0, 1, '2021-06-21 05:51:39', '2023-08-01', 1),
(1415, 'F293', 0, 0, 1, '2021-06-21 05:51:39', '2023-06-01', 1),
(1416, 'M205', 700, 49, 1, '2021-06-21 05:51:39', '2023-09-01', 1),
(1417, 'M208', 700, 49, 1, '2021-06-21 05:51:39', '2023-09-01', 1),
(1418, 'M202', 700, 49, 1, '2021-06-21 05:51:39', '2023-08-01', 1),
(1419, 'M208', 700, 49, 1, '2021-06-21 05:51:39', '2023-09-01', 1),
(1420, 'F292', 700, 49, 1, '2021-06-21 05:51:39', '2023-08-01', 1),
(1421, 'F295', 650, 45.5, 1, '2021-06-21 05:51:39', '2023-10-01', 1),
(1422, 'C715', 400, 28, 0, '2021-06-21 05:51:39', '2023-04-01', 0),
(1423, 'C637', 600, 42, 7, '2021-06-21 06:31:12', '0000-00-00', 1),
(1424, 'C680', 600, 42, 6, '2021-06-21 06:31:12', '2023-07-01', 1),
(1425, 'C677', 600, 42, 1, '2021-06-21 06:31:12', '2023-08-01', 1),
(1426, 'C696', 300, 21, 32, '2021-06-21 06:31:12', '2023-09-01', 1),
(1427, 'C150', 650, 45.5, 21, '2021-06-21 06:31:12', '0000-00-00', 1),
(1428, '6663', 700, 49, 13, '2021-06-21 06:31:12', '0000-00-00', 1),
(1429, 'C633', 400, 28, 22, '2021-06-21 06:31:12', '2022-03-01', 1),
(1430, '6679', 600, 42, 12, '2021-06-21 06:31:12', NULL, 0),
(1431, 'C662', 500, 35, 22, '2021-06-21 06:31:12', '2023-09-01', 1),
(1432, '6629', 700, 49, 4, '2021-06-21 06:31:12', '0000-00-00', 1),
(1433, 'C636', 500, 35, 2, '2021-06-21 06:31:12', '2022-12-01', 1),
(1434, 'C637', 500, 35, 8, '2021-06-21 06:31:12', NULL, 1),
(1435, 'C507', 230, 16.1, 11, '2021-06-21 06:31:12', '2022-02-01', 1),
(1436, 'C066', 230, 16.1, 4, '2021-06-21 06:31:12', NULL, 1),
(1437, 'G013', 4900, 343, 14, '2021-06-21 06:31:12', '0000-00-00', 0),
(1438, 'F277', 700, 49, 2, '2021-06-21 06:31:12', '2022-09-01', 1),
(1439, 'F293', 650, 45.5, 2, '2021-06-21 06:31:12', '2023-08-01', 1),
(1440, '6679', 600, 42, 11, '2021-06-21 06:38:31', '2023-08-01', 1),
(1441, 'C066', 230, 16.1, 4, '2021-06-21 06:42:40', '2022-08-01', 1),
(1442, 'C651', 280, 19.6, 45, '2021-06-22 09:31:59', NULL, 1),
(1443, 'C563', 280, 19.6, 37, '2021-06-22 09:31:59', NULL, 1),
(1444, 'C484', 270, 18.9, 35, '2021-06-22 09:31:59', '0000-00-00', 1),
(1445, 'C488', 270, 18.9, 34, '2021-06-22 09:31:59', '0000-00-00', 1),
(1446, 'C493', 270, 18.9, 18, '2021-06-22 09:31:59', '0000-00-00', 1),
(1447, 'C157', 270, 18.9, 18, '2021-06-22 09:31:59', '0000-00-00', 1),
(1448, 'C573', 280, 19.6, 13, '2021-06-22 09:31:59', NULL, 1),
(1449, 'C489', 270, 18.9, 8, '2021-06-22 09:31:59', '0000-00-00', 1),
(1450, 'C657', 400, 28, 17, '2021-06-22 09:31:59', '2022-08-01', 1),
(1451, 'C628', 650, 45.5, 92, '2021-06-22 09:31:59', '0000-00-00', 1),
(1452, 'C630', 300, 21, 14, '2021-06-22 09:31:59', '2022-04-01', 1),
(1453, 'C658', 400, 28, 11, '2021-06-22 09:31:59', NULL, 1),
(1454, 'C606', 400, 28, 8, '2021-06-22 09:31:59', '2022-08-01', 1),
(1455, 'C631', 400, 28, 11, '2021-06-22 09:31:59', '2022-04-01', 1),
(1456, 'AX000018', 50, 3.5, 69, '2021-06-22 09:31:59', '0000-00-00', 1),
(1457, '3383', 500, 35, 3, '2021-06-22 10:06:02', '2022-02-01', 1),
(1458, '3388', 700, 49, 6, '2021-06-22 10:06:02', '2022-02-01', 1),
(1459, '3388', 500, 35, 0, '2021-06-22 10:06:02', '2022-10-01', 0),
(1460, '3375', 500, 35, 4, '2021-06-22 10:06:02', '2023-09-01', 1),
(1461, '3393', 500, 35, 7, '2021-06-22 10:06:02', '0000-00-00', 1),
(1462, '3377', 450, 31.5, 5, '2021-06-22 10:06:02', '2022-12-01', 1),
(1463, '3376', 450, 31.5, 5, '2021-06-22 10:06:02', '2022-10-01', 1),
(1464, '4019', 300, 21, 13, '2021-06-22 10:06:02', '2023-08-01', 0),
(1465, '3293', 300, 21, 13, '2021-06-22 10:06:02', '2022-09-01', 0),
(1466, '1209', 300, 21, 17, '2021-06-22 10:06:02', '2022-08-01', 1),
(1467, '3295', 300, 21, 9, '2021-06-22 10:06:02', '2022-08-01', 1),
(1468, '3392', 400, 28, 20, '2021-06-22 10:06:02', '2023-09-01', 1),
(1469, '3372', 400, 28, 26, '2021-06-22 10:06:02', '2022-03-01', 1),
(1470, '3391', 600, 42, 11, '2021-06-22 10:06:02', '2022-03-01', 1),
(1471, 'C649', 270, 18.9, 40, '2021-06-22 10:06:02', '0000-00-00', 1),
(1472, 'C156', 270, 18.9, 41, '2021-06-22 10:06:02', '0000-00-00', 1),
(1473, 'C158', 270, 18.9, 39, '2021-06-22 10:06:02', '0000-00-00', 1),
(1474, 'C486', 270, 18.9, 38, '2021-06-22 10:06:02', '0000-00-00', 1),
(1475, 'C650', 270, 18.9, 20, '2021-06-22 10:06:02', '0000-00-00', 1),
(1476, 'C491', 270, 18.9, 40, '2021-06-22 10:06:02', '0000-00-00', 1),
(1477, 'C572', 280, 19.6, 12, '2021-06-22 10:06:02', NULL, 1),
(1478, 'C487', 270, 18.9, 23, '2021-06-22 10:06:02', '0000-00-00', 1),
(1479, 'C155', 270, 18.9, 9, '2021-06-22 10:06:02', '0000-00-00', 1),
(1480, '8015', 250, 17.5, 11, '2021-06-22 10:46:59', '2022-12-01', 1),
(1481, '8016', 250, 17.5, 12, '2021-06-22 10:46:59', '2022-12-01', 1),
(1482, 'C302', 230, 16.1, 1, '2021-06-22 10:46:59', '2022-07-01', 0),
(1483, 'C066', 230, 16.1, 1, '2021-06-22 10:46:59', '2022-08-01', 1),
(1484, 'C302', 230, 16.1, 6, '2021-06-22 10:46:59', '2022-07-01', 1),
(1485, 'C316', 230, 16.1, 24, '2021-06-22 10:46:59', '2022-07-01', 1),
(1486, 'C504', 230, 16.1, 22, '2021-06-22 10:46:59', '2023-08-01', 1),
(1487, 'C566', 230, 16.1, 23, '2021-06-22 10:46:59', '2022-05-01', 1),
(1488, 'C570', 230, 16.1, 19, '2021-06-22 10:46:59', '2022-08-01', 1),
(1489, 'C622', 230, 16.1, 8, '2021-06-22 10:46:59', '2021-08-01', 1),
(1490, 'C623', 230, 16.1, 23, '2021-06-22 10:46:59', '2022-03-01', 1),
(1491, 'C642', 230, 16.1, 15, '2021-06-22 10:46:59', '2022-03-01', 1),
(1492, 'C643', 230, 16.1, 11, '2021-06-22 10:46:59', '2022-07-01', 1),
(1493, 'C644', 230, 16.1, 23, '2021-06-22 10:46:59', '2022-07-01', 1),
(1494, 'C645', 230, 16.1, 17, '2021-06-22 10:46:59', '2021-08-01', 1),
(1495, 'C646', 230, 16.1, 17, '2021-06-22 10:46:59', '2022-06-01', 1),
(1496, 'C647', 230, 16.1, 20, '2021-06-22 10:46:59', '2022-02-01', 1),
(1497, 'C624', 230, 16.1, 2, '2021-06-22 10:46:59', '2022-08-01', 1),
(1498, 'F296', 650, 45.5, 2, '2021-06-22 04:43:52', '2022-09-01', 1),
(1499, 'F292', 650, 45.5, 2, '2021-06-22 04:43:52', '2022-09-01', 1),
(1500, 'M267', 650, 45.5, 2, '2021-06-22 04:43:52', '2022-06-01', 1),
(1501, 'M257', 700, 49, 1, '2021-06-22 04:43:52', '2022-09-01', 1),
(1502, 'M257', 700, 49, 1, '2021-06-22 04:43:52', '2023-04-01', 1),
(1503, 'M268', 650, 45.5, 2, '2021-06-22 04:43:52', '2022-09-01', 1),
(1504, 'F202', 650, 45.5, 1, '2021-06-22 04:43:52', '0000-00-00', 1),
(1505, 'F301', 650, 45.5, 1, '2021-06-22 04:43:52', '2022-09-01', 1),
(1506, 'F288', 650, 45.5, 1, '2021-06-22 04:43:52', '2022-09-01', 1),
(1507, 'F297', 650, 45.5, 1, '2021-06-22 04:43:52', '2022-09-01', 1),
(1508, 'M250', 700, 49, 1, '2021-06-22 04:43:52', '2022-09-01', 1),
(1509, 'M210', 700, 49, 1, '2021-06-22 04:43:52', '2022-09-01', 1),
(1510, 'M267', 700, 49, 1, '2021-06-22 04:43:52', '2022-09-01', 1),
(1511, 'M258', 650, 45.5, 1, '2021-06-22 04:43:52', '2022-10-01', 1),
(1512, 'M272', 650, 45.5, 1, '2021-06-22 04:43:52', '2023-09-01', 1),
(1513, 'M208', 700, 49, 1, '2021-06-22 04:43:52', '2022-09-01', 1),
(1514, 'F258', 700, 49, 0, '2021-06-22 04:43:52', '2022-09-01', 1),
(1515, 'F294', 650, 45.5, 1, '2021-06-22 04:43:52', '2023-10-01', 1),
(1516, 'F277', 650, 45.5, 1, '2021-06-22 04:43:52', '2022-10-01', 1),
(1517, 'F296', 700, 49, 1, '2021-06-22 04:43:52', '2022-09-01', 1),
(1518, 'AX002011', 1715, 120.05, 9, '2021-06-22 04:43:52', NULL, 1),
(1519, 'F206', 700, 49, 0, '2021-06-22 05:45:58', '2022-09-01', 1),
(1520, 'M255', 650, 45.5, 6, '2021-06-22 06:05:00', '2022-10-01', 1),
(1521, 'M248', 650, 45.5, 6, '2021-06-22 06:05:00', '2023-09-01', 1),
(1522, 'M249', 650, 45.5, 4, '2021-06-22 06:05:00', '2023-09-01', 1),
(1523, 'M249', 700, 49, 4, '2021-06-22 06:05:00', '2023-08-01', 1),
(1524, 'M249', 700, 49, 2, '2021-06-22 06:05:00', '2022-03-01', 1),
(1525, 'M254', 650, 45.5, 3, '2021-06-22 06:05:00', '2022-11-01', 1),
(1526, 'M254', 700, 49, 6, '2021-06-22 06:05:00', '2023-01-01', 1),
(1527, 'M254', 700, 49, 1, '2021-06-22 06:05:00', '2023-04-01', 1),
(1528, 'M253', 650, 45.5, 6, '2021-06-22 06:05:00', '2022-09-01', 1),
(1529, 'M253', 700, 49, 2, '2021-06-22 06:05:00', '2023-01-01', 1),
(1530, 'M253', 700, 49, 1, '2021-06-22 06:05:00', '0023-11-01', 1),
(1531, 'M251', 650, 45.5, 4, '2021-06-22 06:05:00', '2023-11-01', 1),
(1532, 'M251', 700, 49, 1, '2021-06-22 06:05:00', '2022-09-01', 1),
(1533, 'M251', 700, 49, 2, '2021-06-22 06:05:00', '2023-02-01', 1),
(1534, 'M255', 700, 49, 5, '2021-06-22 06:05:00', '2023-11-01', 1),
(1535, 'M252', 650, 45.5, 1, '2021-06-22 06:05:00', '2022-04-01', 1),
(1536, 'M252', 700, 49, 0, '2021-06-22 06:05:00', '2022-01-01', 0),
(1537, 'M257', 650, 45.5, 2, '2021-06-22 06:05:00', '2022-10-01', 1),
(1538, 'M257', 700, 49, 3, '2021-06-22 06:05:00', '2022-09-01', 1),
(1539, 'M250', 700, 49, 1, '2021-06-22 06:05:00', '2023-11-01', 1),
(1540, 'M248', 700, 49, 1, '2021-06-22 06:05:00', '2022-09-01', 1),
(1541, 'F200', 650, 45.5, 2, '2021-06-22 06:05:00', '0000-00-00', 1),
(1542, 'F201', 650, 45.5, 3, '2021-06-22 06:05:00', '2022-09-01', 1),
(1543, 'F201', 700, 49, 2, '2021-06-22 06:05:00', '2022-09-01', 1),
(1544, 'F203', 650, 45.5, 2, '2021-06-22 06:05:00', '2023-09-01', 1),
(1545, 'F206', 650, 45.5, 8, '2021-06-22 06:05:00', '2022-09-01', 1),
(1546, 'F209', 650, 45.5, 6, '2021-06-22 06:05:00', '2022-03-01', 1),
(1547, 'C654', 350, 24.5, 6, '2021-06-24 05:21:20', '2022-09-01', 1),
(1548, 'C652', 350, 24.5, 7, '2021-06-24 05:21:20', '2022-12-01', 1),
(1549, 'C653', 350, 24.5, 19, '2021-06-24 05:21:20', '2023-08-01', 1),
(1550, 'M201', 650, 45.5, 6, '2021-06-24 05:21:20', '2022-04-01', 1),
(1551, 'M202', 700, 49, 6, '2021-06-24 05:21:20', '2023-12-01', 1),
(1552, 'M204', 700, 49, 6, '2021-06-24 05:21:20', '2022-12-01', 1),
(1553, 'M205', 700, 49, 6, '2021-06-24 05:21:20', '2022-01-01', 1),
(1554, 'M208', 650, 45.5, 5, '2021-06-24 05:21:20', '2021-09-01', 1),
(1555, 'M210', 650, 45.5, 6, '2021-06-24 05:21:20', '2021-08-01', 1),
(1556, 'M218', 650, 45.5, 6, '2021-06-24 05:21:20', '2022-09-01', 1),
(1557, 'M222', 700, 49, 6, '2021-06-24 05:21:20', '2022-01-01', 1),
(1558, 'M225', 700, 49, 6, '2021-06-24 05:21:20', '2023-02-01', 1),
(1559, 'M226', 650, 45.5, 6, '2021-06-24 05:21:20', '2022-11-01', 1),
(1560, 'M232', 650, 45.5, 6, '2021-06-24 05:21:20', '2022-01-01', 1),
(1561, 'M237', 650, 45.5, 6, '2021-06-24 05:21:20', '2023-08-01', 1),
(1562, 'M238', 700, 49, 6, '2021-06-24 05:21:20', '2022-01-01', 1),
(1563, 'M239', 650, 45.5, 4, '2021-06-24 05:21:20', '2022-01-01', 1),
(1564, 'M243', 700, 49, 6, '2021-06-24 05:21:20', '2023-08-01', 1),
(1565, 'M244', 700, 49, 6, '2021-06-24 05:21:20', '2022-08-01', 1),
(1566, 'M245', 700, 49, 5, '2021-06-24 05:21:20', '2022-01-01', 1),
(1567, 'M201', 700, 49, 4, '2021-06-24 05:21:20', '2023-11-01', 1),
(1568, 'M202', 700, 49, 2, '2021-06-24 05:21:20', '2023-08-01', 1),
(1569, 'M205', 700, 49, 2, '2021-06-24 05:21:20', '2023-09-01', 1),
(1570, 'M208', 700, 49, 2, '2021-06-24 05:21:20', '2023-09-01', 1),
(1571, 'M200', 650, 45.5, 1, '2021-06-24 05:21:20', '2023-09-01', 1),
(1572, 'M218', 700, 49, 2, '2021-06-24 05:21:20', '2022-09-01', 1),
(1573, 'M237', 700, 49, 3, '2021-06-24 05:21:20', '2023-08-01', 1),
(1574, 'M222', 650, 45.5, 4, '2021-06-24 05:48:00', '2022-01-01', 1),
(1575, 'M225', 650, 45.5, 2, '2021-06-24 05:48:00', '2023-02-01', 1),
(1576, 'M226', 700, 49, 1, '2021-06-24 05:48:00', '2022-12-01', 0),
(1577, 'M232', 700, 49, 1, '2021-06-24 05:48:00', '2022-01-01', 0),
(1578, 'M238', 650, 45.5, 1, '2021-06-24 05:48:00', '2022-01-01', 1),
(1579, 'M243', 650, 45.5, 1, '2021-06-24 05:48:00', '2022-04-01', 1),
(1580, 'M243', 700, 49, 3, '2021-06-24 05:48:00', '2023-08-01', 1),
(1581, 'M244', 650, 45.5, 3, '2021-06-24 05:48:00', '2022-08-01', 1),
(1582, 'M245', 650, 45.5, 1, '2021-06-24 05:48:00', '2023-12-01', 1),
(1583, 'V056', 400, 28, 2, '2021-06-24 05:48:00', '2023-08-01', 1),
(1584, 'V056', 400, 28, 5, '2021-06-24 05:48:00', '2022-11-01', 1),
(1585, 'V058', 400, 28, 2, '2021-06-24 05:48:00', '2023-07-01', 1),
(1586, 'V058', 400, 28, 1, '2021-06-24 05:48:00', '2022-10-01', 1),
(1587, 'V047', 400, 28, 13, '2021-06-24 05:48:00', '2022-10-01', 1),
(1588, 'V047', 400, 28, 1, '2021-06-24 05:48:00', '2022-12-01', 1),
(1589, 'V047', 400, 28, 1, '2021-06-24 05:48:00', '2023-08-01', 0),
(1590, '9545', 2000, 140, 7, '2021-06-24 05:48:00', '2023-12-01', 1),
(1591, '9545', 2000, 140, 1, '2021-06-24 05:48:00', '2023-11-01', 0),
(1592, 'M202', 650, 45.5, 1, '2021-06-24 05:48:00', '2023-12-01', 1),
(1593, 'M204', 650, 45.5, 0, '2021-06-24 05:48:00', '2022-12-01', 1),
(1594, 'M205', 650, 45.5, 1, '2021-06-24 05:48:00', '2022-01-01', 1),
(1595, 'M250', 650, 45.5, 4, '2021-06-24 05:48:00', '2023-11-01', 1),
(1596, 'M256', 650, 45.5, 6, '2021-06-24 05:48:00', '2023-08-01', 1),
(1597, '6080', 1000, 70, 8, '2021-06-24 06:26:31', '2022-08-01', 1),
(1598, '4018', 270, 18.9, 4, '2021-06-24 06:26:31', '2022-05-01', 1),
(1599, 'C408', 500, 35, 3, '2021-06-24 06:26:31', '2022-03-01', 1),
(1600, 'C162', 0, 0, 3, '2021-06-24 06:26:31', '2022-03-01', 1),
(1601, 'C161', 400, 28, 1, '2021-06-24 06:26:31', '2022-03-01', 1),
(1602, 'C499', 450, 31.5, 5, '2021-06-24 06:26:31', '2022-08-01', 1),
(1603, 'C159', 400, 28, 9, '2021-06-24 06:26:31', '2023-08-01', 1),
(1604, '2312', 600, 42, 1, '2021-06-24 06:26:31', '2022-07-01', 1),
(1605, '2312', 600, 42, 0, '2021-06-24 06:26:31', '2022-02-01', 0),
(1606, 'C636', 600, 42, 1, '2021-06-24 06:26:31', '2023-09-01', 1),
(1607, 'C636', 500, 35, 0, '2021-06-24 06:26:31', '2022-12-01', 0),
(1608, '8019', 350, 24.5, 6, '2021-06-24 06:26:31', '2022-12-01', 1),
(1609, 'C160', 400, 28, 4, '2021-06-24 06:26:31', '2022-01-01', 1),
(1610, '6074', 1100, 77, 7, '2021-06-24 06:26:31', '2023-01-01', 1),
(1611, '6073', 1100, 77, 7, '2021-06-24 06:26:31', '2023-01-01', 1),
(1612, '6077', 1100, 77, 7, '2021-06-24 06:26:31', '2021-08-01', 1),
(1613, '6080', 900, 63, 5, '2021-06-24 06:26:31', '2023-12-01', 1),
(1614, '6081', 1000, 70, 8, '2021-06-24 06:26:31', '2022-08-01', 1),
(1615, '6089', 1500, 105, 3, '2021-06-24 06:26:31', '2023-08-01', 1),
(1616, '8018', 350, 24.5, 2, '2021-06-26 10:14:20', '2022-12-01', 1),
(1617, 'C534', 350, 24.5, 16, '2021-06-26 10:32:04', NULL, 1),
(1618, '6600', 1300, 91, 23, '2021-06-26 10:32:04', '2023-09-01', 1),
(1619, 'C677', 600, 42, 1, '2021-06-26 10:32:04', '2023-08-01', 1),
(1620, '7008', 600, 42, 3, '2021-06-26 10:32:04', '2023-09-01', 1),
(1621, 'C402', 300, 21, 18, '2021-06-26 10:32:04', '2022-11-01', 1),
(1622, 'C402', 350, 24.5, 12, '2021-06-26 10:32:04', '2023-08-01', 1),
(1623, 'C403', 300, 21, 12, '2021-06-26 10:32:04', '2023-08-01', 1),
(1624, 'C403', 350, 24.5, 7, '2021-06-26 10:32:04', '2023-08-01', 1),
(1625, 'C405', 300, 21, 32, '2021-06-26 10:32:04', '2023-08-01', 1),
(1626, 'C405', 350, 24.5, 6, '2021-06-26 10:32:04', '2022-09-01', 1),
(1627, 'C406', 300, 21, 20, '2021-06-26 10:32:04', '2022-09-01', 1),
(1628, 'C406', 350, 24.5, 12, '2021-06-26 10:32:04', '2022-09-01', 1),
(1629, 'C533', 300, 21, 5, '2021-06-26 10:32:04', '2022-12-01', 1),
(1630, 'C533', 350, 24.5, 9, '2021-06-26 10:32:04', '2023-08-01', 1),
(1631, 'C654', 300, 21, 20, '2021-06-26 10:32:04', '2023-09-01', 1),
(1632, 'C652', 300, 21, 11, '2021-06-26 10:32:04', '2023-08-01', 1),
(1633, 'C681', 280, 19.6, 10, '2021-06-26 10:43:49', '2025-03-01', 1),
(1634, 'C132', 500, 35, 67, '2021-06-26 10:43:49', '2022-10-01', 1),
(1635, 'C600', 200, 14, 30, '2021-06-26 10:43:49', '2025-02-01', 1),
(1636, '4018', 250, 17.5, 29, '2021-06-26 10:43:49', '2022-10-01', 1),
(1637, 'C682', 280, 19.6, 33, '2021-06-26 10:43:49', '2025-02-01', 1),
(1638, '3290', 370, 25.9, 54, '2021-06-26 10:43:49', '2022-07-01', 1),
(1639, '3612', 900, 63, 20, '2021-06-26 10:43:49', '2023-12-01', 1),
(1640, '1217', 300, 21, 12, '2021-06-26 10:48:18', '2023-08-01', 1),
(1641, '1216', 300, 21, 44, '2021-06-26 10:48:18', '2023-08-01', 1),
(1642, '3293', 300, 21, 75, '2021-06-26 10:48:18', '2022-11-01', 1),
(1643, '1209', 300, 21, 51, '2021-06-26 10:48:18', '2022-08-01', 1),
(1644, '1209', 300, 21, 45, '2021-06-26 10:48:18', '2022-09-01', 1),
(1645, '4019', 300, 21, 30, '2021-06-26 10:48:18', '2023-12-01', 0),
(1646, 'C705', 500, 35, 1, '2021-06-26 10:52:18', '2023-04-01', 0),
(1647, '6679', 600, 42, 1, '2021-06-26 10:52:18', '2023-08-01', 0),
(1648, 'C704', 600, 42, 1, '2021-06-26 10:52:18', '2024-04-01', 0),
(1649, 'C662', 400, 28, 0, '2021-06-26 10:52:18', '2023-09-01', 0),
(1650, 'C628', 600, 42, 1, '2021-06-26 10:52:18', NULL, 0),
(1651, 'C679', 600, 42, 1, '2021-06-26 10:52:18', '2024-04-01', 0),
(1652, '9563', 700, 49, 1, '2021-06-26 10:52:18', '2023-11-01', 0),
(1653, 'C678', 600, 42, 0, '2021-06-29 10:54:02', NULL, 0),
(1654, '3362', 400, 28, 38, '2021-06-29 05:33:51', NULL, 0),
(1655, '4035', 400, 28, 97, '2021-06-29 05:33:51', NULL, 0),
(1656, '2703', 500, 35, 50, '2021-06-29 05:33:51', NULL, 0),
(1657, '2703', 500, 35, 5, '2021-06-29 05:33:51', NULL, 0),
(1658, '2804', 500, 35, 31, '2021-06-29 05:33:51', NULL, 0),
(1659, '4034', 200, 14, 71, '2021-06-29 05:33:51', '2021-10-01', 1),
(1660, '9595', 650, 45.5, 39, '2021-06-29 06:30:27', '2022-11-01', 1),
(1661, 'C679', 600, 42, 1, '2021-06-29 06:42:12', '2024-04-01', 0),
(1662, '9611', 1000, 70, 0, '2021-07-02 11:35:32', NULL, 0),
(1663, 'V060', 400, 28, 1, '2021-07-02 11:38:35', NULL, 0),
(1664, 'C719', 280, 19.6, 0, '2021-07-02 04:33:44', '0000-00-00', 0),
(1665, 'C717', 280, 19.6, 0, '2021-07-02 04:33:44', NULL, 0),
(1666, 'V059', 280, 19.6, 0, '2021-07-02 04:44:38', NULL, 0),
(1667, '3297', 300, 21, 33, '2021-07-14 09:46:21', '2024-05-01', 1),
(1668, '2608', 500, 35, 49, '2021-07-14 09:48:21', '0000-00-00', 1),
(1669, '2704', 500, 35, 48, '2021-07-14 09:49:34', '2024-06-01', 1),
(1670, '2805', 500, 35, 49, '2021-07-14 09:51:04', '2024-06-01', 1),
(1671, 'AC1022', 500, 35, 25, '2021-07-14 09:55:16', NULL, 1),
(1672, '1212', 600, 42, 30, '2021-07-19 06:26:24', '2023-05-01', 1),
(1673, '3380', 500, 35, 30, '2021-07-19 06:28:53', '2023-04-01', 1),
(1674, '9514', 650, 45.5, 34, '2021-07-19 06:31:05', '2023-06-01', 1),
(1675, '4041', 450, 31.5, 36, '2021-07-19 06:33:32', '2024-06-01', 1),
(1676, '9601', 650, 45.5, 40, '2021-07-19 06:34:21', '2022-04-01', 1),
(1677, '9608', 480, 33.6, 47, '2021-07-19 06:35:23', '2022-06-01', 1),
(1678, '9537', 650, 45.5, 40, '2021-07-19 06:36:12', '2022-04-01', 1),
(1679, '9612', 900, 63, 43, '2021-07-19 06:38:42', '2022-11-01', 1),
(1680, '3385', 450, 31.5, 30, '2021-07-19 06:39:29', '2023-06-01', 1),
(1681, '2608', 500, 35, 20, '2021-07-19 06:40:09', '2024-06-01', 1),
(1682, '5505', 700, 49, 26, '2021-07-19 06:41:33', '2023-05-01', 1),
(1683, '3280', 500, 35, 30, '2021-07-19 06:42:16', '2022-12-01', 1),
(1684, '3293', 300, 21, 30, '2021-07-19 06:43:08', '2023-03-01', 1),
(1685, '3293', 300, 21, 30, '2021-07-19 06:43:34', NULL, 0),
(1686, '3275', 500, 35, 30, '2021-07-19 06:44:36', '2023-03-01', 1),
(1687, '4040', 600, 42, 46, '2021-07-19 06:45:25', '2024-06-01', 1),
(1688, '2608', 500, 35, 30, '2021-07-19 06:46:51', '2024-06-01', 1),
(1689, '3386', 450, 31.5, 30, '2021-07-19 06:46:51', '2023-06-01', 1),
(1690, 'Z338', 20, 1.4, 0, '2021-07-20 11:26:18', NULL, 0),
(1691, '1208', 400, 28, 0, '2021-07-20 11:51:52', NULL, 0),
(1692, '1211', 200, 14, 58, '2021-07-21 10:50:00', '2022-09-01', 1),
(1693, '9589', 900, 63, 20, '2021-07-21 07:50:12', '2023-01-01', 1),
(1694, '9599', 700, 49, 30, '2021-07-21 07:50:12', '2022-06-01', 1),
(1695, '6095', 1390, 97.3, 23, '2021-07-21 07:50:12', '2024-06-01', 1),
(1696, '6084', 1000, 70, 15, '2021-07-21 07:50:12', '2024-06-01', 1),
(1697, '6084', 1000, 70, 5, '2021-07-21 07:50:12', '2024-04-01', 1),
(1698, '6096', 1390, 97.3, 40, '2021-07-21 07:50:12', '2024-06-01', 1),
(1699, 'V055', 700, 49, 30, '2021-07-21 07:50:12', '2023-06-01', 1),
(1700, 'V054', 700, 49, 30, '2021-07-21 07:50:12', '2023-06-01', 1),
(1701, 'G013', 4550, 318.5, 5, '2021-07-21 07:50:12', '0001-01-01', 1),
(1702, '6097', 1390, 97.3, 57, '2021-07-21 07:50:12', '2024-04-01', 1),
(1703, '1220', 2000, 140, 30, '2021-07-21 07:50:12', '2023-03-01', 1),
(1704, '1215', 1000, 70, 30, '2021-07-21 07:50:12', '2024-04-01', 1),
(1705, '1207', 500, 35, 40, '2021-07-21 07:50:12', '2023-06-01', 1),
(1706, '1212', 800, 56, 30, '2021-07-21 07:50:12', '2023-05-01', 1),
(1707, '9532', 600, 42, 48, '2021-07-21 07:50:12', '2022-07-01', 1),
(1708, '3277', 500, 35, 40, '2021-07-21 07:50:12', '2023-06-01', 1),
(1709, 'F258', 650, 45.5, 30, '2021-07-21 07:50:12', '2024-06-01', 1),
(1710, '1206', 700, 49, 40, '2021-07-21 07:50:12', '2023-05-01', 1),
(1711, '9611', 1000, 70, 39, '2021-07-21 07:50:12', '2022-11-01', 1),
(1712, '9598', 700, 49, 30, '2021-07-21 07:50:12', '2022-06-01', 1),
(1713, '5505', 700, 49, 30, '2021-07-21 07:50:12', '2023-07-01', 1),
(1714, '9532', 600, 42, 2, '2021-07-21 07:50:12', '2022-06-01', 1),
(1715, '9607', 900, 63, 30, '2021-07-21 07:50:12', '2022-12-01', 1),
(1716, '9514', 650, 45.5, 30, '2021-07-21 07:50:12', '2023-06-01', 1),
(1717, '6086', 1390, 97.3, 20, '2021-07-21 07:50:12', '2024-01-01', 1),
(1718, 'V046', 400, 28, 30, '2021-07-21 07:50:12', '2023-06-01', 1),
(1719, 'C681', 300, 21, 50, '2021-07-21 07:50:12', '2025-07-01', 1),
(1720, 'C682', 300, 21, 50, '2021-07-21 07:50:12', '2026-04-01', 1),
(1721, 'C710', 500, 35, 49, '2021-07-21 07:50:12', '2023-04-01', 1),
(1722, '7008', 600, 42, 20, '2021-07-21 07:50:12', '2024-04-01', 1),
(1723, '3296', 400, 28, 37, '2021-07-22 03:47:32', NULL, 1),
(1724, 'AX00203', 80, 5.6, 51, '2021-07-24 10:49:41', NULL, 1),
(1725, 'AX00202', 80, 5.6, 201, '2021-07-24 10:49:41', NULL, 1),
(1726, 'AX00201', 80, 5.6, 175, '2021-07-24 10:49:41', NULL, 1),
(1727, 'AX00197', 80, 5.6, 87, '2021-07-24 10:49:41', NULL, 1),
(1728, 'AX00196', 80, 5.6, 88, '2021-07-24 10:49:41', NULL, 1),
(1729, 'AX00195', 80, 5.6, 86, '2021-07-24 10:49:41', NULL, 1),
(1730, 'AX00185', 80, 5.6, 9, '2021-07-24 10:49:41', NULL, 1),
(1731, 'AX00184', 80, 5.6, 8, '2021-07-24 10:49:41', NULL, 1),
(1732, 'AX00183', 80, 5.6, 10, '2021-07-24 10:49:41', NULL, 1),
(1733, 'AX00143', 80, 5.6, 5, '2021-07-24 10:49:41', NULL, 1),
(1734, 'X309', 80, 5.6, 7, '2021-07-24 10:49:41', NULL, 1),
(1735, 'X308', 80, 5.6, 53, '2021-07-24 10:49:41', NULL, 1),
(1736, 'X301', 80, 5.6, 6, '2021-07-24 10:49:41', NULL, 1),
(1737, 'Z315', 80, 5.6, 49, '2021-07-24 10:49:41', NULL, 1),
(1738, 'Z303', 80, 5.6, 49, '2021-07-24 10:49:41', NULL, 1),
(1739, 'M245A', 250, 17.5, 34, '2021-07-24 11:24:04', NULL, 1),
(1740, 'M232A', 250, 17.5, 57, '2021-07-24 11:24:04', NULL, 1),
(1741, 'M200A', 250, 17.5, 42, '2021-07-24 11:24:04', NULL, 1),
(1742, 'F305A', 250, 17.5, 14, '2021-07-24 11:24:04', NULL, 0),
(1743, 'F268A', 250, 17.5, 2, '2021-07-24 11:24:04', NULL, 0),
(1744, 'F202A', 250, 17.5, 10, '2021-07-24 11:24:04', NULL, 0),
(1745, '3297', 300, 21, 50, '2021-08-02 03:23:50', NULL, 0),
(1746, '3297', 300, 21, 5, '2021-08-02 03:42:37', NULL, 1),
(1747, 'V046', 400, 28, 10, '2021-08-02 03:42:37', NULL, 1),
(1748, '6674', 290, 20.3, 5, '2021-08-02 03:42:37', NULL, 1),
(1749, '6673', 290, 20.3, 5, '2021-08-02 03:42:37', NULL, 1),
(1750, '4020', 300, 21, 5, '2021-08-02 03:42:37', NULL, 1),
(1751, '4002', 530, 37.1, 10, '2021-08-02 03:42:37', NULL, 1),
(1752, '3377', 450, 31.5, 5, '2021-08-02 03:42:37', NULL, 1),
(1753, '3376', 450, 31.5, 5, '2021-08-02 03:42:37', NULL, 1),
(1754, '3383', 500, 35, 5, '2021-08-02 03:42:37', NULL, 1),
(1755, '3384', 500, 35, 5, '2021-08-02 03:42:37', NULL, 1),
(1756, '3375', 500, 35, 5, '2021-08-02 03:42:37', NULL, 1),
(1757, 'C600', 200, 14, 5, '2021-08-02 03:42:37', NULL, 1),
(1758, '9608', 480, 33.6, 10, '2021-08-02 03:42:37', NULL, 1),
(1759, '9564', 700, 49, 5, '2021-08-02 03:42:37', NULL, 1),
(1760, '4039', 600, 42, 65, '2021-08-04 09:03:10', '2024-06-01', 1),
(1761, '3375', 500, 35, 30, '2021-08-04 09:03:10', '2024-06-01', 1),
(1762, '3296', 400, 28, 80, '2021-08-04 09:03:10', '2023-06-01', 1),
(1763, 'AX00179', 300, 21, 20, '2021-08-04 09:03:10', NULL, 1),
(1764, 'C654', 300, 21, 20, '2021-08-04 09:03:10', '2024-04-01', 1),
(1765, 'C533', 300, 21, 20, '2021-08-04 09:03:10', '2024-04-01', 1),
(1766, '9612', 900, 63, 50, '2021-08-04 09:03:10', '2022-11-01', 1),
(1767, '3297', 300, 21, 50, '2021-08-04 09:03:10', '2024-05-01', 1),
(1768, '6001', 700, 49, 55, '2021-08-04 09:03:10', '2024-06-01', 1),
(1769, '3612', 900, 63, 20, '2021-08-04 09:03:10', '2022-03-01', 1),
(1770, 'C491', 270, 18.9, 10, '2021-08-04 09:03:10', NULL, 1),
(1771, 'C727', 514.28, 36, 18, '2021-08-04 09:49:43', '2024-07-01', 1),
(1772, 'C725', 514.28, 36, 20, '2021-08-04 09:49:43', '2024-07-01', 1),
(1773, 'C724', 514.28, 36, 18, '2021-08-04 09:49:43', '2024-07-01', 1),
(1774, 'AX002019', 1600, 112, 20, '2021-08-04 09:49:43', '2022-08-01', 1),
(1775, 'C726', 514.28, 36, 18, '2021-08-04 09:49:43', '2024-07-01', 1),
(1776, 'C723', 514.28, 36, 20, '2021-08-04 09:49:43', '2024-07-01', 1),
(1777, 'V058', 400, 28, 25, '2021-08-04 10:36:37', '2022-10-01', 1),
(1778, 'V058', 400, 28, 2, '2021-08-04 10:36:37', '2023-07-01', 1),
(1779, 'V057', 400, 28, 5, '2021-08-04 10:36:37', '2023-09-01', 1),
(1780, 'V057', 400, 28, 45, '2021-08-04 10:36:37', '2023-10-01', 1),
(1781, 'V047', 400, 28, 24, '2021-08-04 10:36:37', '2023-09-01', 1),
(1782, 'S005', 400, 28, 17, '2021-08-04 10:36:37', '2022-09-01', 1),
(1783, 'S005', 400, 28, 30, '2021-08-04 10:36:37', '2022-12-01', 1),
(1784, 'S002', 300, 21, 54, '2021-08-04 10:36:37', '2022-04-01', 1),
(1785, 'V052', 400, 28, 43, '2021-08-04 10:56:40', '2022-11-01', 1),
(1786, 'S006', 230, 16.1, 101, '2021-08-04 10:56:40', '2023-04-01', 1),
(1787, 'G013', 4550, 318.5, 12, '2021-08-04 11:41:04', NULL, 1),
(1788, 'F287', 650, 45.5, 2, '2021-08-04 11:41:04', '2021-10-01', 1),
(1789, 'F283', 650, 45.5, 5, '2021-08-04 11:41:04', '2022-08-01', 1),
(1790, 'F305A', 200, 14, 13, '2021-08-04 11:41:04', '2024-02-01', 1),
(1791, 'F279', 650, 45.5, 2, '2021-08-04 11:41:04', '2022-07-01', 1),
(1792, 'F270', 650, 45.5, 13, '2021-08-04 11:41:04', '2022-07-01', 1),
(1793, 'F269', 650, 45.5, 44, '2021-08-04 11:41:04', '2022-09-01', 1),
(1794, 'F269', 650, 45.5, 3, '2021-08-04 11:41:04', '2022-04-01', 1),
(1795, 'F269', 650, 45.5, 2, '2021-08-04 11:41:04', '2021-08-01', 1),
(1796, 'F268A', 200, 14, 1, '2021-08-04 11:41:04', '2023-10-01', 1),
(1797, 'F202A', 200, 14, 10, '2021-08-04 11:41:04', '2024-02-01', 1),
(1798, 'C717', 270, 18.9, 75, '2021-08-04 11:41:04', '0000-00-00', 1),
(1799, 'C718', 270, 18.9, 47, '2021-08-04 11:41:04', '0000-00-00', 1),
(1800, 'C697', 650, 45.5, 21, '2021-08-04 11:41:04', '2022-12-01', 1),
(1801, '0784', 1000, 70, 10, '2021-08-04 11:58:25', NULL, 1),
(1802, '0863', 1000, 70, 10, '2021-08-04 12:00:09', NULL, 1),
(1803, '0864', 1000, 70, 10, '2021-08-04 12:01:10', NULL, 1),
(1804, 'C571', 270, 18.9, 0, '2021-08-04 02:42:00', NULL, 0),
(1805, '0877', 2100, 147, 9, '2021-08-05 10:11:30', NULL, 1),
(1806, '0875', 1428.6, 100, 8, '2021-08-05 10:11:30', NULL, 1);

-- --------------------------------------------------------

--
-- Table structure for table `lineas`
--

CREATE TABLE `lineas` (
  `codli` int(11) NOT NULL,
  `nombre` varchar(50) COLLATE utf8_spanish_ci NOT NULL,
  `periodo` tinyint(4) DEFAULT NULL,
  `estado` tinyint(1) NOT NULL DEFAULT 1
) ENGINE=InnoDB DEFAULT CHARSET=utf8 COLLATE=utf8_spanish_ci ROW_FORMAT=COMPACT;

--
-- Dumping data for table `lineas`
--

INSERT INTO `lineas` (`codli`, `nombre`, `periodo`, `estado`) VALUES
(1, 'Orígenes', 2, 1),
(2, 'Inspiraciones', 2, 1),
(3, 'Premium', 2, 1),
(4, 'Juvenne', 2, 1),
(5, 'Luxury', 2, 1),
(7, 'Urbana', 2, 1),
(8, 'Rainbow', 2, 1),
(9, 'Aeon', 2, 1),
(10, 'Ordeñe', 2, 1),
(11, 'TratamientoPlus', 2, 1),
(12, 'Gardenair', 2, 1),
(13, 'Brizes', 2, 1),
(14, 'Sanity', 2, 1),
(15, 'Vitabell', 2, 1),
(16, 'Auxiliares de venta', 2, 1),
(31, 'prueba1', 2, 0),
(32, 'prueba_per3', 3, 0),
(33, 'AUXILIARES DE VENTA', 3, 1),
(34, 'Auxiliares de venta', 1, 1),
(35, 'Auxiliares de venta', 4, 1),
(36, 'Auxiliares de venta', 5, 1),
(37, 'Auxiliares de venta', 6, 1),
(38, 'Premiun', 3, 0),
(39, 'OFERTA SEMANAL', 3, 1),
(40, 'PREMIUM', 3, 1),
(41, 'URBANA', 3, 1),
(42, 'INSPIRACIONES', 3, 1),
(43, 'AEON', 3, 1),
(44, 'ARBELL BODY', 3, 1),
(45, 'ORIGENES', 3, 1),
(46, 'ORDEÑE', 3, 1),
(47, 'ORDEÑE', 3, 0),
(48, 'JUVENNE', 3, 1),
(49, 'EVOSENSE', 3, 1),
(50, 'VITABELL', 3, 1),
(51, 'TRATAMIENTO PLUS', 3, 1),
(52, 'LUXURY', 3, 1),
(53, 'PRUEBA', 3, 0),
(54, 'periodo3', 3, 1),
(55, 'periodo3', 1, 1),
(56, 'periodo4', 4, 0),
(57, 'VITABELL', 4, 1),
(58, 'ORDEÑE', 4, 1),
(59, 'ORDEÑE', 4, 0),
(60, 'AEON', 4, 1),
(61, 'KIDS', 4, 1),
(62, '3296', 4, 1),
(63, 'URBANA', 4, 1),
(64, 'TRATAMIENTOS', 4, 1),
(65, 'ORIGENES', 4, 1);

-- --------------------------------------------------------

--
-- Table structure for table `pagos`
--

CREATE TABLE `pagos` (
  `id` int(11) NOT NULL,
  `codv` int(11) NOT NULL,
  `monto` float NOT NULL,
  `fecha_pago` datetime NOT NULL,
  `estado` tinyint(1) NOT NULL DEFAULT 1
) ENGINE=InnoDB DEFAULT CHARSET=utf8 COLLATE=utf8_spanish_ci;

--
-- Dumping data for table `pagos`
--

INSERT INTO `pagos` (`id`, `codv`, `monto`, `fecha_pago`, `estado`) VALUES
(164, 134, 58.3, '2021-06-28 11:07:03', 1),
(165, 135, 0, '2021-06-29 10:51:11', 1),
(166, 136, 321.8, '2021-06-29 11:00:05', 1),
(167, 137, 49, '2021-06-30 05:10:30', 1),
(168, 138, 49, '2021-06-30 05:12:43', 1),
(169, 139, 0, '2021-06-30 05:16:27', 1),
(170, 139, 231.8, '2021-06-30 05:33:04', 1),
(171, 140, 0, '2021-07-01 06:06:23', 1),
(172, 141, 174.9, '2021-07-02 11:21:56', 1),
(173, 142, 255.7, '2021-07-02 04:47:36', 1),
(174, 143, 0, '2021-07-05 06:20:19', 1),
(175, 144, 0, '2021-07-20 11:58:47', 1),
(176, 145, 762.1, '2021-07-22 03:59:06', 1),
(177, 146, 0, '2021-07-23 08:23:09', 1),
(178, 147, 0, '2021-07-26 10:36:38', 1),
(179, 148, 0, '2021-07-26 11:08:33', 1),
(180, 149, 0, '2021-07-28 09:12:48', 1),
(181, 150, 0, '2021-07-28 02:56:45', 1),
(182, 151, 0, '2021-07-29 09:03:03', 1),
(183, 152, 0, '2021-07-29 09:39:07', 1),
(184, 153, 0, '2021-07-29 10:00:31', 1),
(185, 154, 0, '2021-07-29 10:36:58', 1),
(186, 155, 0, '2021-07-29 10:53:25', 1),
(187, 156, 345.6, '2021-07-30 10:39:09', 1),
(188, 157, 0, '2021-07-30 10:42:34', 1),
(189, 158, 0, '2021-07-30 02:43:00', 1),
(190, 159, 0, '2021-08-01 03:08:50', 1),
(191, 160, 0, '2021-08-02 03:50:38', 1),
(192, 161, 483, '2021-08-02 03:59:38', 1),
(193, 162, 656.2, '2021-08-04 02:53:54', 1),
(194, 163, 0, '2021-08-05 08:54:37', 1),
(195, 164, 1293.6, '2021-08-05 10:04:30', 1),
(196, 165, 0, '2021-08-05 10:13:34', 1),
(197, 166, 0, '2021-08-05 10:47:09', 1),
(198, 167, 0, '2021-08-05 10:49:40', 1),
(199, 168, 0, '2021-08-05 11:48:11', 1),
(200, 169, 0, '2021-08-05 04:56:34', 1),
(201, 170, 0, '2021-08-09 02:32:56', 1);

-- --------------------------------------------------------

--
-- Table structure for table `productos`
--

CREATE TABLE `productos` (
  `id` varchar(20) COLLATE utf8_spanish_ci NOT NULL,
  `foto` varchar(250) COLLATE utf8_spanish_ci DEFAULT NULL,
  `linea` int(11) NOT NULL,
  `descripcion` varchar(250) COLLATE utf8_spanish_ci NOT NULL,
  `periodo` tinyint(4) NOT NULL,
  `estado` tinyint(1) NOT NULL DEFAULT 1
) ENGINE=InnoDB DEFAULT CHARSET=utf8 COLLATE=utf8_spanish_ci ROW_FORMAT=COMPACT;

--
-- Dumping data for table `productos`
--

INSERT INTO `productos` (`id`, `foto`, `linea`, `descripcion`, `periodo`, `estado`) VALUES
('0680', 'images/fotos_prod/defecto.png', 16, 'Caja de regalo', 2, 1),
('0759', 'images/fotos_prod/defecto.png', 10, 'Combo shampoo y acondicionador ordeñe + argan', 2, 1),
('0784', 'images/fotos_prod/defecto.png', 64, 'SHAMPOO+ACONDICIONDOR LISO ', 4, 1),
('0820', 'images/fotos_prod/defecto.png', 43, 'Combo ojos y rostro aeon +35 crema antiedad + gel contorno de ojos', 3, 1),
('0821', 'images/fotos_prod/defecto.png', 43, 'Combo ojos y rostro aeon + 50 crema antiedad + gel contorno de ojos', 3, 1),
('0822', 'images/fotos_prod/defecto.png', 43, 'Combo ojos y rostro aeon + 60 crema antiedad + gel contorno de ojos', 3, 1),
('0851', 'images/fotos_prod/defecto.png', 7, 'Combo urbana corrector maquillaje + corrector cuarteto', 2, 1),
('0852', 'images/fotos_prod/defecto.png', 14, 'Combo Sanity alcohol en gel + Toallitas', 2, 1),
('0853', 'images/fotos_prod/defecto.png', 1, 'Kit de lanzamiento periodo 2 - 2021', 2, 1),
('0862', 'images/fotos_prod/defecto.png', 40, 'Kit de lanzamiento periodo 3-2021', 3, 1),
('0863', 'images/fotos_prod/defecto.png', 65, 'ACEITE + CREMA PARA MANOS', 4, 1),
('0864', 'images/fotos_prod/defecto.png', 65, 'BRUMA + CREMA PARA MASAJES', 4, 1),
('0866', 'images/fotos_prod/defecto.png', 39, 'Kit maquillaje de dia', 3, 1),
('0867', 'images/fotos_prod/defecto.png', 39, 'Kit maquillaje de noche', 3, 1),
('0868', 'images/fotos_prod/defecto.png', 39, 'Kit aeon piel normal a seca', 3, 1),
('0869', 'images/fotos_prod/defecto.png', 39, 'Kit aeon piel grasa', 3, 1),
('0870', 'images/fotos_prod/defecto.png', 39, 'Set ordeñe', 3, 1),
('0871', 'images/fotos_prod/defecto.png', 39, 'Kit nature', 3, 1),
('0872', 'images/fotos_prod/defecto.png', 39, 'Kit nutrición', 3, 1),
('0873', 'images/fotos_prod/defecto.png', 39, 'Kit liso volumen', 3, 1),
('0874', 'images/fotos_prod/defecto.png', 39, 'Kit limpieza profunda', 3, 1),
('0875', 'images/fotos_prod/defecto.png', 58, 'pastas+enjuagues', 4, 1),
('0877', 'images/fotos_prod/defecto.png', 61, 'KIT NIÑOS', 4, 1),
('1093', 'images/fotos_prod/defecto.png', 33, 'Mini luxury fem. 3ml x u', 2, 1),
('1205', 'images/fotos_prod/240_F_297700653_fymwdSCtRARRg8qfX1IN1HVYUjyjzasV.jpg', 1, 'Crema corporal enebro 100g', 2, 1),
('1206', 'images/fotos_prod/500_F_259310839_Q5JnPPkcLhP6KeUXjsybAHG0KVsxGSqW.jpg', 1, 'Spray eucalivia 60ml', 2, 1),
('1207', 'images/fotos_prod/68e70582d0eb22449e3f81b1419f48bb.jpg', 1, 'Unguento tomillo 12g', 2, 1),
('1208', 'images/fotos_prod/defecto.png', 45, 'Gel criogeno 200 g.', 3, 1),
('1209', 'images/fotos_prod/defecto.png', 45, 'Jabón exfoliante 100 g.', 3, 1),
('1211', 'images/fotos_prod/defecto.png', 45, 'Aloe Vera Mascarilla Detox', 3, 1),
('1212', 'images/fotos_prod/zenitsu.jpg', 1, 'Lavanda bruma para almohada 75ml', 2, 1),
('1213', 'images/fotos_prod/defecto.png', 1, 'Lavanda crema corporal para masajes 200g', 2, 1),
('1214', 'images/fotos_prod/defecto.png', 1, 'Castaña y almendra crema para manos 600g', 2, 1),
('1215', 'images/fotos_prod/defecto.png', 1, 'Castañas y almendras aceite corporal 125ml', 2, 1),
('1216', 'images/fotos_prod/defecto.png', 1, 'Jabón almendras y castañas 100g', 2, 1),
('1217', 'images/fotos_prod/defecto.png', 1, 'Jabón lavanda y melisa 100g', 2, 1),
('1218', 'images/fotos_prod/defecto.png', 1, 'Aloe vera gel corporal 180g', 2, 1),
('1219', 'images/fotos_prod/defecto.png', 1, 'Hydra crema gel con aloe vera 50g', 2, 1),
('1220', 'images/fotos_prod/defecto.png', 1, 'Óleo 33 aceites esenciales de 33 hierbas 20ml', 2, 1),
('1501', 'images/fotos_prod/defecto.png', 45, 'Loción Natural Piojos', 3, 1),
('162', 'images/fotos_prod/defecto.png', 45, 'Rubor compacto', 3, 1),
('229', 'images/fotos_prod/defecto.png', 2, 'Fragancia femenina simil angel o demonio 50ml', 2, 1),
('2300', 'images/fotos_prod/defecto.png', 4, 'Crema facila dia detox 50 g', 2, 1),
('2302', 'images/fotos_prod/defecto.png', 4, 'Crema facial abti-age supreme 50 g', 2, 1),
('2303', 'images/fotos_prod/defecto.png', 4, 'Emulsión facial concent. nocturno supreme 40 g.', 2, 1),
('2305', 'images/fotos_prod/defecto.png', 4, 'Agua micelar detox 125 ml', 2, 1),
('2306', 'images/fotos_prod/defecto.png', 48, 'Crema facial anti-age FPS 65 Supreme 50 g', 3, 1),
('2307', 'images/fotos_prod/defecto.png', 4, 'Gel bolsas y ojeras supreme 15 g', 2, 1),
('2308', 'images/fotos_prod/defecto.png', 4, 'Crema facial noche extreme detox 50 g', 2, 1),
('2309', 'images/fotos_prod/defecto.png', 4, 'Advance complejo advance 50 g', 2, 1),
('2310', 'images/fotos_prod/defecto.png', 4, 'Advance solución micelar 150 ml', 2, 1),
('2311', 'images/fotos_prod/defecto.png', 4, 'Advance elixir concentrado 30 ml', 2, 1),
('2312', 'images/fotos_prod/defecto.png', 4, 'Juvenne lapiz labial con acido hialuronico', 2, 1),
('2313', 'images/fotos_prod/defecto.png', 4, 'Mascarilla de arcilla detox 50 g', 2, 1),
('2604', 'images/fotos_prod/defecto.png', 45, 'Colonia bebe BB shower ', 3, 1),
('2608', 'images/fotos_prod/defecto.png', 61, 'COLONIAS PARA BEBES', 4, 1),
('2703', 'images/fotos_prod/defecto.png', 45, 'Colonia shimer', 3, 1),
('2704', 'images/fotos_prod/defecto.png', 61, 'COLONIA PARA NIÑAS', 4, 1),
('2804', 'images/fotos_prod/defecto.png', 45, 'Colonia patrol ', 3, 1),
('2805', 'images/fotos_prod/defecto.png', 61, 'COLONIA PARA NIÑOS', 4, 1),
('3077', 'images/fotos_prod/defecto.png', 9, 'Crema facial blanqueadora 50 gr.', 2, 1),
('3271', 'images/fotos_prod/defecto.png', 9, 'Fluido facial limpieza 150g.', 2, 1),
('3272', 'images/fotos_prod/defecto.png', 9, 'Gel facial pulidor 60 g.', 2, 1),
('3273', 'images/fotos_prod/defecto.png', 9, 'Gel facial pulidor 50gr.', 2, 1),
('3274', 'images/fotos_prod/defecto.png', 43, 'Leche facial desmaq. 3 en 1 100 g.', 3, 1),
('3275', 'images/fotos_prod/defecto.png', 9, 'Tonico facial todo tipo de piel 100 ml ', 2, 1),
('3276', 'images/fotos_prod/defecto.png', 9, 'Tónico facial piel grasa 100 ml', 2, 1),
('3277', 'images/fotos_prod/defecto.png', 9, 'Crema facial blanqueadora 50 gr.', 2, 1),
('3278', 'images/fotos_prod/defecto.png', 9, 'Crema facial matificante 50 gr.', 2, 1),
('3279', 'images/fotos_prod/defecto.png', 9, 'Crema facial nutritiva 4 aceites 50 gr.', 2, 1),
('3280', 'images/fotos_prod/defecto.png', 9, 'Crema facial idratante 50 gr.', 2, 1),
('3286', 'images/fotos_prod/defecto.png', 9, 'Mascara facial peel off carbón activado 60 gr.', 2, 1),
('3287', 'images/fotos_prod/defecto.png', 9, 'Crema facial antiedad + 35 50 gr.', 2, 1),
('3288', 'images/fotos_prod/defecto.png', 9, 'Cremas facial antiedad +50 50gr.', 2, 1),
('3289', 'images/fotos_prod/defecto.png', 9, 'Crema facial antiedad +60 50gr.', 2, 1),
('3290', 'images/fotos_prod/defecto.png', 9, 'Barra secativa 4 gr.', 2, 1),
('3292', 'images/fotos_prod/defecto.png', 9, 'Crema gel descongestiva para ojos y parpados 15 gr.', 2, 1),
('3293', 'images/fotos_prod/defecto.png', 9, 'Jabón de glicerina 100 gr.', 2, 1),
('3295', 'images/fotos_prod/defecto.png', 43, 'Toallas húmedas desmaquillaje x 25u.', 3, 1),
('3296', 'images/fotos_prod/defecto.png', 9, 'Crema reparadora multivitamínica ', 2, 1),
('3297', 'images/fotos_prod/defecto.png', 60, 'JABON CARBON', 4, 1),
('3314', 'images/fotos_prod/defecto.png', 51, 'Tratamiento Nocturno 150 g', 3, 1),
('332', 'images/fotos_prod/defecto.png', 33, 'Mini miss chery fem. 3 ml x u', 3, 1),
('3361', 'images/fotos_prod/defecto.png', 49, 'Crema reparadora puntas 30 ml.', 3, 1),
('3362', 'images/fotos_prod/defecto.png', 11, 'Baño capilar 4 aceite 200 ml.', 2, 1),
('3363', 'images/fotos_prod/defecto.png', 49, 'SHAMPOO SHINY', 3, 1),
('3364', 'images/fotos_prod/defecto.png', 49, 'ACONDICIONADOR SHINY', 3, 1),
('3372', 'images/fotos_prod/defecto.png', 11, 'Ampolla tratamiento botox', 2, 1),
('3373', 'images/fotos_prod/defecto.png', 41, 'Ampolla Protector Térmico', 3, 1),
('3375', 'images/fotos_prod/defecto.png', 11, 'Shampoo jarillaa 200 ml.', 2, 1),
('3376', 'images/fotos_prod/defecto.png', 10, 'Shampoo con propóleos y argán 300 ml.', 2, 1),
('3377', 'images/fotos_prod/defecto.png', 10, 'Acondicionador con propóleo y argán 300 ml.', 2, 1),
('3378', 'images/fotos_prod/defecto.png', 40, 'Bravo shampoo + gel de cuerpo', 3, 1),
('3379', 'images/fotos_prod/defecto.png', 49, 'Tratamiento Rulos 150 g', 3, 1),
('3380', 'images/fotos_prod/defecto.png', 11, 'Shampoo zanahoria y coco 200 ml.', 2, 1),
('3381', 'images/fotos_prod/defecto.png', 11, 'Acondicionador zanahoria coco 200 ml.', 2, 1),
('3382', 'images/fotos_prod/defecto.png', 11, 'Crema de peinar zanahoria coco 200 ml.', 2, 1),
('3383', 'images/fotos_prod/defecto.png', 11, 'Shampoo ortiga 200 ml.', 2, 1),
('3384', 'images/fotos_prod/defecto.png', 11, 'Acondicionador ortiga 200 ml.', 2, 1),
('3385', 'images/fotos_prod/defecto.png', 11, 'Shampoo detox 200 ml.', 2, 1),
('3386', 'images/fotos_prod/defecto.png', 11, 'Acondicionador detox 200 ml.', 2, 1),
('3387', 'images/fotos_prod/defecto.png', 11, 'Serum argán 30 ml.', 2, 1),
('3388', 'images/fotos_prod/defecto.png', 11, 'Shampoo keratina 200 ml.', 2, 1),
('3389', 'images/fotos_prod/defecto.png', 11, 'Acondicionador keratina 200 ml.', 2, 1),
('3390', 'images/fotos_prod/defecto.png', 11, 'Tratamiento intensivo keratina 180 gr.', 2, 1),
('3391', 'images/fotos_prod/defecto.png', 11, 'Tratamiento rulos 180 gr.', 2, 1),
('3392', 'images/fotos_prod/defecto.png', 11, 'Ampolla tratamiento repair plex 10 ml.', 2, 1),
('3393', 'images/fotos_prod/defecto.png', 11, 'Shampoo aloe vera 200 ml.', 2, 1),
('3394', 'images/fotos_prod/defecto.png', 11, 'Acondicionador aloe vera 200 ml.', 2, 1),
('3610', 'images/fotos_prod/defecto.png', 44, 'Aceite FPS 6 100 ml', 3, 1),
('3611', 'images/fotos_prod/defecto.png', 44, 'Protector FPS 30 200 g', 3, 1),
('3612', 'images/fotos_prod/defecto.png', 44, 'Protector fps 50 + 60 g.', 3, 1),
('4002', 'images/fotos_prod/defecto.png', 10, 'Crema corporal de ordeñe 250 gr.', 2, 1),
('4018', 'images/fotos_prod/defecto.png', 10, 'Labial manteca de cacao 4 gr.', 2, 1),
('4019', 'images/fotos_prod/defecto.png', 10, 'Jabón de barra con propóleos y miel 100 gr.', 2, 1),
('4020', 'images/fotos_prod/defecto.png', 10, 'Crema manos con propóleo y miel 60 gr.', 2, 1),
('4026', 'images/fotos_prod/defecto.png', 10, 'Exfoliante pédico 100 gr.', 2, 1),
('4027', 'images/fotos_prod/defecto.png', 10, 'Jabón liquido con propóleos y miel 200 gr.', 2, 1),
('4028', 'images/fotos_prod/defecto.png', 10, 'Emulsión corporal con propóleos y miel 200 gr.', 2, 1),
('4031', 'images/fotos_prod/defecto.png', 10, 'Crema corporal piernas cansadas 200 ml.', 2, 1),
('4032', 'images/fotos_prod/defecto.png', 10, 'Crema corporal celulitis y estrias  200 ml', 2, 1),
('4033', 'images/fotos_prod/defecto.png', 10, 'Crema corporal ultra  nutritiva 200 ml', 2, 1),
('4034', 'images/fotos_prod/defecto.png', 46, 'Gel lubricante intima', 3, 1),
('4035', 'images/fotos_prod/defecto.png', 10, 'Jabón liquido intima 200 ml', 2, 1),
('4036', 'images/fotos_prod/defecto.png', 46, 'Crema Corporal Sapolán 200 ml Ordeñe', 3, 1),
('4037', 'images/fotos_prod/defecto.png', 10, 'Crema talones agrietados 90 gr.', 2, 1),
('4039', 'images/fotos_prod/defecto.png', 58, 'PASTA DENTAL', 4, 1),
('4040', 'images/fotos_prod/defecto.png', 58, 'ENJUAGUE BUCAL', 4, 1),
('4041', 'images/fotos_prod/defecto.png', 58, 'DESODORANTE EN CREMA', 4, 1),
('4828', 'images/fotos_prod/defecto.png', 46, 'Emulsión corporal', 3, 1),
('5002', 'images/fotos_prod/defecto.png', 45, 'Toallas desinfectantes', 3, 0),
('5003', 'images/fotos_prod/defecto.png', 46, 'Sanitisante para mano', 3, 0),
('5005', 'images/fotos_prod/defecto.png', 10, 'Gel corporal con propóleos y miel 100 gr.', 2, 1),
('5006', 'images/fotos_prod/defecto.png', 45, 'Alcohol en gel pemo 100 ml.', 3, 0),
('5012', 'images/fotos_prod/defecto.png', 10, 'Spay pulverizador bucal con propósito y miel 60 cm3', 2, 1),
('5504', 'images/fotos_prod/defecto.png', 15, 'Basics ajo + ginkgo biloba comprimido 60 unidades', 2, 1),
('5505', 'images/fotos_prod/defecto.png', 50, 'Basics Ginkgo Biloba + Fosfoserina comprimido 60 unid.', 3, 1),
('5509', 'images/fotos_prod/defecto.png', 15, 'Basics alcachofa + boldo comprimido 60 unidades', 2, 1),
('6001', 'images/fotos_prod/defecto.png', 3, 'Fragancia femenina diva 65ml', 2, 1),
('6066', 'images/fotos_prod/defecto.png', 3, 'Fragancia masculina bravo 80 ml', 2, 1),
('6069', 'images/fotos_prod/defecto.png', 45, 'Fragancia fem infinita', 3, 1),
('6073', 'images/fotos_prod/defecto.png', 3, 'Fragancia femenina orquídea china 100 ml ', 2, 1),
('6074', 'images/fotos_prod/defecto.png', 3, 'Fragancia Femenina blanca tuberosa 100 ml', 2, 1),
('6075', 'images/fotos_prod/defecto.png', 45, 'Fragancia femenina rosa turea ', 3, 1),
('6077', 'images/fotos_prod/defecto.png', 3, 'Fragancia femenina peonias 100 ml', 2, 1),
('6078', 'images/fotos_prod/defecto.png', 3, 'Fragancia femenina woman', 2, 1),
('6079', 'images/fotos_prod/defecto.png', 3, 'Fragancia masculina bravo intense 80 ml', 2, 1),
('6080', 'images/fotos_prod/defecto.png', 3, 'Fragancia femenina ama 50 ml', 2, 1),
('6081', 'images/fotos_prod/defecto.png', 3, 'Fragancia femenina rie 50 ml', 2, 1),
('6082', 'images/fotos_prod/defecto.png', 3, 'Fragancia femenina vive 50 ml', 2, 1),
('6084', 'images/fotos_prod/defecto.png', 3, 'Fragancia femenina diva Gold 65 ml', 2, 1),
('6085', 'images/fotos_prod/defecto.png', 3, 'Fragancia masculina Absolute Night 50 ml', 2, 1),
('6086', 'images/fotos_prod/defecto.png', 3, 'Fragancia masculina bleu edt 90 ml', 2, 1),
('6087', 'images/fotos_prod/defecto.png', 3, 'Fragancia femenina Love belle 50 ml', 2, 1),
('6088', 'images/fotos_prod/defecto.png', 3, 'Fragancia Femenina passion 100 ml', 2, 1),
('6089', 'images/fotos_prod/defecto.png', 3, 'Fragancia Femenina Silver Rose 100 ml', 2, 1),
('6094', 'images/fotos_prod/defecto.png', 3, 'Fragancia masculina bravo aqua 80 ml', 2, 1),
('6095', 'images/fotos_prod/defecto.png', 40, 'Fragancia masculina bravo 100 ml.', 3, 1),
('6096', 'images/fotos_prod/defecto.png', 40, 'Fragancia masculina bravo intense 100 ml.', 3, 1),
('6097', 'images/fotos_prod/defecto.png', 40, 'Fragancia masculina bravo urbano 100 ml.', 3, 1),
('6518', 'images/fotos_prod/defecto.png', 45, 'Fragancia femenina paradise', 3, 1),
('6600', 'images/fotos_prod/defecto.png', 3, 'Fragancia femenina luxury 55 ml', 2, 1),
('6629', 'images/fotos_prod/defecto.png', 5, 'Mascara pestaña 2 looks 15 g', 2, 1),
('6662', 'images/fotos_prod/defecto.png', 5, 'Iluminador en barra 13g', 2, 1),
('6663 ', 'images/fotos_prod/defecto.png', 5, 'Rubor en barra terracota perlado 13 g', 2, 1),
('6664', 'images/fotos_prod/defecto.png', 5, 'Rubor en barra durazno perlado 13 g', 2, 1),
('6672', 'images/fotos_prod/defecto.png', 5, 'Esmalte en gel 8 ml pink queen', 2, 1),
('6673', 'images/fotos_prod/defecto.png', 5, 'Esmalte en gel 8 ml coral day', 2, 1),
('6674', 'images/fotos_prod/defecto.png', 5, 'Esmalte en gel 8 ml passion red', 2, 1),
('6675', 'images/fotos_prod/defecto.png', 5, 'Esmalte en gel 8 ml sand ', 2, 1),
('6676', 'images/fotos_prod/defecto.png', 5, 'Esmalte en gel 8 ml chocolate', 2, 1),
('6677', 'images/fotos_prod/defecto.png', 5, 'Esmalte en gel 8 ml capucchino', 2, 1),
('6678', 'images/fotos_prod/defecto.png', 5, 'Esmalte en gel 8 ml wine blend', 2, 1),
('6679', 'images/fotos_prod/defecto.png', 5, 'Mascara para pestañas mirada con widelash 5 gr', 2, 1),
('679', 'images/fotos_prod/defecto.png', 45, 'Labial 16 hrs mate hipnetio red', 3, 1),
('697', 'images/fotos_prod/defecto.png', 45, 'Mescera de pastoni collagene', 3, 0),
('7008', 'images/fotos_prod/defecto.png', 3, 'Fragancia femenina diva deo 150 ml', 2, 1),
('8006', 'images/fotos_prod/defecto.png', 8, 'Musky karamel body splash 100 ml.', 2, 1),
('8007', 'images/fotos_prod/defecto.png', 8, 'Petit lait body splash 100 ml.', 2, 1),
('8008', 'images/fotos_prod/defecto.png', 8, 'Red surprise body splah 100 ml.', 2, 1),
('8009', 'images/fotos_prod/defecto.png', 8, 'Musky karamel crema para manos 50g', 2, 1),
('8010', 'images/fotos_prod/defecto.png', 8, 'Petit lait crema para manos 50g', 2, 1),
('8011', 'images/fotos_prod/defecto.png', 8, 'Red suprise crema para manos 50 g', 2, 1),
('8012', 'images/fotos_prod/defecto.png', 8, 'Esmalte rainbow yellow 6 ml', 2, 1),
('8013', 'images/fotos_prod/defecto.png', 8, 'Esmalte rainbow ligth blue 6 ml', 2, 1),
('8014', 'images/fotos_prod/defecto.png', 8, 'Esmalte rainbow lilac 6 ml', 2, 1),
('8015', 'images/fotos_prod/defecto.png', 8, 'Esmalte rainbow pistacchio 6 ml', 2, 1),
('8016', 'images/fotos_prod/defecto.png', 8, 'Esmalte rainbow rose 6 ml', 2, 1),
('8017', 'images/fotos_prod/defecto.png', 8, 'Bálsamo exfoliante de labios uva 9g.', 2, 1),
('8018', 'images/fotos_prod/defecto.png', 8, 'Balsamo exfoliante de labios vainilla 9g', 2, 1),
('8019', 'images/fotos_prod/defecto.png', 8, 'Balosamo exfoliante de labios durazno 9g.', 2, 1),
('9000', 'images/fotos_prod/defecto.png', 33, 'Set de plumines femeninas', 2, 1),
('93009', 'images/fotos_prod/defecto.png', 33, 'Sticker yo amo arbell x 20 u', 2, 1),
('94004', 'images/fotos_prod/defecto.png', 33, 'Carpeta institucional', 2, 1),
('95013', 'images/fotos_prod/defecto.png', 33, 'Calco a x 10 unidades', 2, 1),
('95028', 'images/fotos_prod/defecto.png', 33, 'Tarjeta de visita arbell mas x 100 unidades', 2, 1),
('9505', 'images/fotos_prod/defecto.png', 15, 'Basics vitamina c + e comprimidos 60 unidades', 2, 1),
('9512', 'images/fotos_prod/defecto.png', 15, 'Jalea real comprimido', 2, 1),
('9514', 'images/fotos_prod/defecto.png', 15, 'Basics pasiflora + valeriana comprimido 60 unidades', 2, 1),
('9518', 'images/fotos_prod/defecto.png', 15, 'Superfoods espirulina + zinc comprimido 90 unidades', 2, 1),
('9523', 'images/fotos_prod/defecto.png', 15, 'Basics powerfull comprimido 60 unidades', 2, 1),
('9530', 'images/fotos_prod/defecto.png', 15, 'Nature propóleos y miel 5% bebible 150 ml.', 2, 1),
('9532', 'images/fotos_prod/defecto.png', 15, 'Nature propóleos y eucalipto 5 % bebible 150 ml', 2, 1),
('9537', 'images/fotos_prod/defecto.png', 15, 'Superfoods aloe vera + d´tox bebible 150 ml.', 2, 1),
('9545', 'images/fotos_prod/defecto.png', 15, 'Ligth adelgabell kit chocolate', 2, 1),
('9547', 'images/fotos_prod/defecto.png', 15, 'Vitabell tintura propolio 600 ml.', 2, 1),
('9563', 'images/fotos_prod/defecto.png', 15, 'Basics artoflex bebible polvo 100 gr.', 2, 1),
('9564', 'images/fotos_prod/defecto.png', 15, 'Ligth redubell bebible polvo 100 gr.', 2, 1),
('9576', 'images/fotos_prod/defecto.png', 50, 'PROPOLEOS CON ARANDANO', 3, 1),
('9577', 'images/fotos_prod/defecto.png', 50, 'Light Garcinia + Café verde comprimido 60 unid.', 3, 1),
('9581', 'images/fotos_prod/defecto.png', 15, 'Superfoods nutrishake max sweet cookies bebible polvo 500 gr.', 2, 1),
('9582', 'images/fotos_prod/defecto.png', 15, 'Superfoods resveratrol bebible 150 ml.', 2, 1),
('9584', 'images/fotos_prod/defecto.png', 15, 'Nature caramelos propóleos caramelos porpóleos 100 gr.', 2, 1),
('9585', 'images/fotos_prod/defecto.png', 15, 'Nature caramelos jengibre caramelos jengibre 100 gr.', 2, 1),
('9588', 'images/fotos_prod/defecto.png', 15, 'Lady balance bebible 150 ml.', 2, 1),
('9589', 'images/fotos_prod/defecto.png', 15, 'Lady rejuvenell bebible 150 ml.', 2, 1),
('9590', 'images/fotos_prod/defecto.png', 50, 'CLA comprimido 60 unid.', 3, 1),
('9594', 'images/fotos_prod/defecto.png', 15, 'Lady activa comprimido 120 unidades', 2, 1),
('9595', 'images/fotos_prod/defecto.png', 15, 'Basics magnesio comprimido 60 unidades', 2, 1),
('9597', 'images/fotos_prod/defecto.png', 50, 'Miel de arándanos', 3, 1),
('9598', 'images/fotos_prod/defecto.png', 15, 'Nature miel jengibre 200 gr.', 2, 1),
('9599', 'images/fotos_prod/defecto.png', 15, 'Nature miel polen 200 gr.', 2, 1),
('9600', 'images/fotos_prod/defecto.png', 50, 'Basics Fibras Prebiotic mix de semillas 100 g', 3, 1),
('9601', 'images/fotos_prod/defecto.png', 15, 'Superfoods clorofila + h´pat bebible 120 ml.', 2, 1),
('9602', 'images/fotos_prod/defecto.png', 15, 'Figt carb blocker en polvo 62,5 gr.', 2, 1),
('9603', 'images/fotos_prod/defecto.png', 15, 'Ligth suplementos garcinia ultimate 90 comprimidos', 2, 1),
('9606', 'images/fotos_prod/defecto.png', 15, '9606 basics cartilago cápsulas x 30 unidades', 2, 1),
('9607', 'images/fotos_prod/defecto.png', 15, 'Basics ultra cistín cápsulas x 60 unidades', 2, 1),
('9608', 'images/fotos_prod/defecto.png', 15, 'Nature jarabe con propóleo jengibre y miel 150 ml.', 2, 1),
('9609', 'images/fotos_prod/defecto.png', 15, 'Basics kids alimento fortificado sabor naranja 100 g.', 2, 1),
('9610', 'images/fotos_prod/defecto.png', 15, 'Nature vitamina d3 en gotas 15 ml.', 2, 1),
('9611', 'images/fotos_prod/defecto.png', 50, 'Bioftera capsula ', 3, 1),
('9612', 'images/fotos_prod/defecto.png', 57, 'MULTILADY', 4, 1),
('9652', 'images/fotos_prod/defecto.png', 33, 'Solicitud de incorporación - block x 25 unidades', 2, 1),
('9662', 'images/fotos_prod/defecto.png', 33, 'Solicitud de crédito', 3, 1),
('9723', 'images/fotos_prod/defecto.png', 33, 'Bandera azul arbell', 2, 1),
('9746', 'images/fotos_prod/defecto.png', 33, 'Bolsa plástica arbell chica', 2, 1),
('9839', 'images/fotos_prod/defecto.png', 33, 'Carpeta para fichas coleccionables', 2, 1),
('9860', 'images/fotos_prod/defecto.png', 16, 'Set de plumines masculinos', 2, 1),
('AC1015', 'images/fotos_prod/defecto.png', 45, 'Plato de niña', 3, 1),
('AC1017', 'images/fotos_prod/defecto.png', 45, 'Plato patnol c/cucho', 3, 1),
('AC1018', 'images/fotos_prod/defecto.png', 45, 'Vaso patnol', 3, 1),
('AC1022', 'images/fotos_prod/defecto.png', 61, 'MACETA Y PALA', 4, 1),
('AX 00134', 'images/fotos_prod/defecto.png', 33, 'Mini farenheit masc.', 3, 1),
('AX000008', 'images/fotos_prod/defecto.png', 33, 'Posnet todo pago', 2, 1),
('AX000016', 'images/fotos_prod/defecto.png', 33, 'Pack birome sumate', 2, 1),
('AX000018', 'images/fotos_prod/defecto.png', 41, 'Sacapuntas', 3, 1),
('AX000130', 'images/fotos_prod/defecto.png', 16, 'Blotters para demostradores x 100 unidades', 2, 1),
('AX00031', 'images/fotos_prod/defecto.png', 33, 'Bolsa arbell plástico grande', 2, 1),
('AX00032', 'images/fotos_prod/defecto.png', 16, 'Bolsa arbell plastico mediana x 100 unidades', 2, 1),
('AX00033', 'images/fotos_prod/defecto.png', 33, 'Mini buscado masc. 3ml', 2, 1),
('AX00035', 'images/fotos_prod/defecto.png', 33, 'Mini privado masc. 3ml', 2, 1),
('AX00037', 'images/fotos_prod/defecto.png', 33, 'Mini buena chica 3 ml', 2, 1),
('AX00054', 'images/fotos_prod/defecto.png', 33, 'Mini orquidea chica 3 ml', 2, 1),
('AX00055', 'images/fotos_prod/defecto.png', 33, 'Mini blanca tuberosa 3 ml', 2, 1),
('AX00057', 'images/fotos_prod/defecto.png', 33, 'Talonario contacto x 50 hojas', 2, 1),
('AX00065', 'images/fotos_prod/defecto.png', 33, 'Cartel policarbonato 25x35', 2, 1),
('AX00068', 'images/fotos_prod/defecto.png', 33, 'Mini xs black los angeles masc. 3 ml', 2, 1),
('AX00069', 'images/fotos_prod/defecto.png', 33, 'Mini blue seducción masc. 3 ml', 2, 1),
('AX00085', 'images/fotos_prod/defecto.png', 33, 'Mini fragancia femenina diva gold', 2, 1),
('AX00091', 'images/fotos_prod/defecto.png', 33, 'Mini rock fem. 3 ml', 2, 1),
('AX00095', 'images/fotos_prod/defecto.png', 33, 'Mini secret antonio banderas masc.', 2, 1),
('AX00096', 'images/fotos_prod/defecto.png', 33, 'Mini 212 vip black masc.', 2, 1),
('AX00097', 'images/fotos_prod/defecto.png', 33, 'Mini invictus intense masc. 3 ml', 2, 1),
('AX001136', 'images/fotos_prod/defecto.png', 33, 'Mini escandal fem.', 3, 1),
('AX00114', 'images/fotos_prod/defecto.png', 33, 'Mini coco madame fem. 3 ml', 2, 1),
('AX00115', 'images/fotos_prod/defecto.png', 33, 'Mini milagros fem. 3 ml', 2, 1),
('AX00116', 'images/fotos_prod/defecto.png', 33, 'Mini placeres fem. 3 ml', 2, 1),
('AX00117', 'images/fotos_prod/defecto.png', 33, 'Mini secreto tentacion antonio banderas fem. 3 ml', 2, 1),
('AX00122', 'images/fotos_prod/defecto.png', 33, 'Mantel argentina', 2, 1),
('AX00128', 'images/fotos_prod/defecto.png', 33, 'Mini fem. grabielle', 2, 1),
('AX00129', 'images/fotos_prod/defecto.png', 33, 'Mini peonias', 2, 1),
('AX00130', 'images/fotos_prod/defecto.png', 33, 'Blotters para demostradores', 2, 1),
('AX00133', 'images/fotos_prod/defecto.png', 33, 'Mini po10 ultra mini masc.', 2, 1),
('AX00134', 'images/fotos_prod/defecto.png', 16, 'Mini farenheit masc.', 2, 1),
('AX00135 ', 'images/fotos_prod/defecto.png', 33, 'Mini i am fem.', 2, 1),
('AX00136', 'images/fotos_prod/defecto.png', 16, 'Mini escandal fem.', 2, 1),
('AX00137', 'images/fotos_prod/defecto.png', 33, 'Mini polo blue fem.', 2, 1),
('AX00138', 'images/fotos_prod/defecto.png', 33, 'Mini blue seduccion fem.', 2, 1),
('AX00139', 'images/fotos_prod/defecto.png', 33, 'mini mas 1 lingote lucky', 2, 1),
('AX00140', 'images/fotos_prod/defecto.png', 33, 'Mini masc. power seducción', 2, 1),
('AX00142', 'images/fotos_prod/defecto.png', 33, 'Mini golden masc.', 2, 1),
('AX00143', 'images/fotos_prod/defecto.png', 33, 'Mini golden fem.', 2, 1),
('AX00149', 'images/fotos_prod/defecto.png', 16, 'Mini bravo intense', 2, 1),
('AX00152', 'images/fotos_prod/defecto.png', 33, 'Mini inso. fem. miss queen', 2, 1),
('AX00153', 'images/fotos_prod/defecto.png', 33, 'Mini insp. fem. one millon lucky', 2, 1),
('AX00155', 'images/fotos_prod/defecto.png', 33, 'Mini perfume ama', 2, 1),
('AX00156', 'images/fotos_prod/defecto.png', 33, 'Mini perfume rie', 2, 1),
('AX00157', 'images/fotos_prod/defecto.png', 33, 'Mini perfume vive', 2, 1),
('AX00158', 'images/fotos_prod/defecto.png', 33, 'Mini insp. fem. vs b.tease', 2, 1),
('AX00159', 'images/fotos_prod/defecto.png', 33, 'Mini insp. fem. vs bomb.', 2, 1),
('AX00160', 'images/fotos_prod/defecto.png', 33, 'Mini insp. masc. pure xs n', 2, 1),
('AX00162', 'images/fotos_prod/defecto.png', 33, 'Mini insp. masc. pow sed ext', 2, 1),
('AX00165', 'images/fotos_prod/defecto.png', 33, 'Mini inp. masc. invicto legend', 2, 1),
('AX00166 ', 'images/fotos_prod/defecto.png', 33, 'Mini insp. masc. poio red rush', 2, 1),
('AX00176', 'images/fotos_prod/defecto.png', 33, 'Mini insp. masc. absolute night x u', 2, 1),
('AX00177', 'images/fotos_prod/defecto.png', 33, 'Mini insp. masc. bleu edt x u', 2, 1),
('AX00178', 'images/fotos_prod/defecto.png', 33, 'Alcohol en gel 60 ml.', 3, 1),
('AX00179', 'images/fotos_prod/defecto.png', 33, 'Barbijo tricopa lavable', 3, 1),
('AX00181', 'images/fotos_prod/defecto.png', 33, 'Mini insp. fem. guchi bloom', 2, 1),
('AX00182', 'images/fotos_prod/defecto.png', 33, 'Mini insp. fem. olimpia legend', 2, 1),
('AX00183', 'images/fotos_prod/defecto.png', 33, 'Mini frag. fem. love belle x u', 2, 1),
('AX00184', 'images/fotos_prod/defecto.png', 16, 'Mini frag. fem. passión', 2, 1),
('AX00185', 'images/fotos_prod/defecto.png', 33, 'Mini frag fem silver rose x u', 2, 1),
('AX00188', 'images/fotos_prod/defecto.png', 33, 'Mini frag. bravo aqua', 2, 1),
('AX00190', 'images/fotos_prod/defecto.png', 33, 'Mini insp. fem. la bella', 2, 1),
('AX00191', 'images/fotos_prod/defecto.png', 33, 'Mini insp. masc. el ballo', 2, 1),
('AX00195', 'images/fotos_prod/defecto.png', 33, 'Mini insp. fem. red rose vip', 2, 1),
('AX00196', 'images/fotos_prod/defecto.png', 33, 'Mini insp. masc. black red ch', 2, 1),
('AX00197', 'images/fotos_prod/defecto.png', 33, 'Mini insp. fem. lybre', 2, 1),
('AX00198', 'images/fotos_prod/defecto.png', 33, 'Mini insp. masc. herrera blue le', 2, 1),
('AX00200', 'images/fotos_prod/defecto.png', 2, 'Inspiraciones 15ml', 2, 1),
('AX00201', 'images/fotos_prod/defecto.png', 33, 'Mini bravo intense', 3, 1),
('AX002011', 'images/fotos_prod/defecto.png', 33, 'Kit de demostracion + bolso arbell', 2, 1),
('AX002012', 'images/fotos_prod/defecto.png', 33, 'Kit de demostración + bolsa de tela ', 2, 1),
('AX002019', 'images/fotos_prod/defecto.png', 35, 'KIT DEL PERIODO 4', 4, 1),
('AX00202', 'images/fotos_prod/defecto.png', 33, 'mini bravo', 3, 1),
('AX00203', 'images/fotos_prod/defecto.png', 33, 'Plumin bravo urbano', 3, 1),
('AX00204', 'images/fotos_prod/defecto.png', 33, 'Bolsa arbell es todo', 3, 1),
('AX0032', 'images/fotos_prod/defecto.png', 33, 'Bolsa arbell plástico mediana', 3, 1),
('AX009015', 'images/fotos_prod/defecto.png', 33, 'Agenda 2021 (para venta)', 2, 1),
('AX130', 'images/fotos_prod/defecto.png', 33, 'Mini woman', 3, 1),
('C066', 'images/fotos_prod/defecto.png', 7, 'Esmalte ultra black cremoso 6 ml', 2, 1),
('C132', 'images/fotos_prod/defecto.png', 7, 'Delineador ojos retractil con esfumino 0,2 g', 2, 1),
('C150', 'images/fotos_prod/defecto.png', 7, 'Mascara pestañas ultra definición ', 2, 1),
('C155', 'images/fotos_prod/defecto.png', 7, 'Labial ciruela cremoso 3 g', 2, 1),
('C156', 'images/fotos_prod/defecto.png', 7, 'Labial red love cremoso 3 g', 2, 1),
('C157', 'images/fotos_prod/defecto.png', 7, 'Labial avellana perlado 3 g', 2, 1),
('C158', 'images/fotos_prod/defecto.png', 7, 'Labial nude cremoso 3 g', 2, 1),
('C159', 'images/fotos_prod/defecto.png', 7, 'Corrector individual claro 2 g', 2, 1),
('C160', 'images/fotos_prod/defecto.png', 7, 'Corrector individual media 2 g', 2, 1),
('C161', 'images/fotos_prod/defecto.png', 7, 'Rubor compacto rosado 13 g', 2, 1),
('C162 ', 'images/fotos_prod/defecto.png', 7, 'Rubor compacto tostado 13 g', 2, 1),
('C302', 'images/fotos_prod/defecto.png', 7, 'Esmalte litle lady cremoso 6 ml', 2, 1),
('C316', 'images/fotos_prod/defecto.png', 7, 'Esmalte fucsia joy cremoso 6 ml', 2, 1),
('C402', 'images/fotos_prod/defecto.png', 7, 'Tratamiento de base de porcelana', 2, 1),
('C403', 'images/fotos_prod/defecto.png', 7, 'Tratamiento calcio color ', 2, 1),
('C405', 'images/fotos_prod/defecto.png', 7, 'Tratamiento blanco french', 2, 1),
('C406', 'images/fotos_prod/defecto.png', 7, 'Tratamiento via lactea', 2, 1),
('C407', 'images/fotos_prod/defecto.png', 45, 'Tratamiento brillo secador', 3, 1),
('C408', 'images/fotos_prod/defecto.png', 7, 'Polvo compacto bronze 10 g', 2, 1),
('C410', 'images/fotos_prod/defecto.png', 7, 'Polvo compacto nude 10 g', 2, 1),
('C455', 'images/fotos_prod/defecto.png', 45, 'Tratamiento aceite cutículas ', 3, 1),
('C484', 'images/fotos_prod/defecto.png', 7, 'Labial rubi cremoso 3 g', 2, 1),
('C486', 'images/fotos_prod/defecto.png', 7, 'Labial vino cremoso 3 g', 2, 1),
('C487', 'images/fotos_prod/defecto.png', 7, 'Labial borravino cremoso 3 g', 2, 1),
('C488', 'images/fotos_prod/defecto.png', 7, 'Labial rosa antique cremoso 3 g', 2, 1),
('C489', 'images/fotos_prod/defecto.png', 7, 'Labial borgoña cremoso 3 g', 2, 1),
('C491', 'images/fotos_prod/defecto.png', 7, 'Labial rosa perlada 3 g', 2, 1),
('C493', 'images/fotos_prod/defecto.png', 7, 'Labial capuccino perlado 3 g', 2, 1),
('C499', 'images/fotos_prod/defecto.png', 7, 'Correcto cuarteto 10 g', 2, 1),
('C504', 'images/fotos_prod/defecto.png', 7, 'Esmalte malva cremoso 6 ml', 2, 1),
('C507', 'images/fotos_prod/defecto.png', 7, 'Esmalte ciruela cremoso 6 ml', 2, 1),
('C533', 'images/fotos_prod/defecto.png', 7, 'Tratamiento keratina', 2, 1),
('C534', 'images/fotos_prod/defecto.png', 41, 'Quitaesmalte express 30 ml.', 3, 1),
('C548', 'images/fotos_prod/defecto.png', 41, 'Labial malva cremoso 3 g.', 3, 1),
('C563', 'images/fotos_prod/defecto.png', 7, 'Labial malva cremoso 3 g', 2, 1),
('C566', 'images/fotos_prod/defecto.png', 7, 'Esmalte red love cremoso 6 ml', 2, 1),
('C570', 'images/fotos_prod/defecto.png', 7, 'Esmalte soft capuccino cremoso 6 ml', 2, 1),
('C571', 'images/fotos_prod/defecto.png', 7, 'Labial terracota cremoso 3 g', 2, 1),
('C572', 'images/fotos_prod/defecto.png', 7, 'Labial berry cremoso 3 g', 2, 1),
('C573', 'images/fotos_prod/defecto.png', 7, 'Labial mora intenso cremoso 3 g', 2, 1),
('C600', 'images/fotos_prod/defecto.png', 7, 'Delineador ojos lapiz negro 1,2 g', 2, 1),
('C606', 'images/fotos_prod/defecto.png', 7, 'Labial liquido ultra mate rosa 5 g', 2, 1),
('C610', 'images/fotos_prod/defecto.png', 41, 'Mascara pestañas Alargadora', 3, 1),
('C622', 'images/fotos_prod/defecto.png', 7, 'Esmalte tomasol rosa perlado 6 ml', 2, 1),
('C623 ', 'images/fotos_prod/defecto.png', 7, 'Esmalte black diamond perlado 6 ml', 2, 1),
('C624', 'images/fotos_prod/defecto.png', 7, 'Esmalte multi glitter 6 ml', 2, 1),
('C628', 'images/fotos_prod/defecto.png', 41, 'Mascara pestañas xl 12 ml.', 3, 1),
('C630', 'images/fotos_prod/defecto.png', 7, 'Labial liquido vinyl pasión 2 g', 2, 1),
('C631', 'images/fotos_prod/defecto.png', 7, 'Labial liquido vinyl flush 2 g', 2, 1),
('C632', 'images/fotos_prod/defecto.png', 41, 'Labial líquido vinyl barbie pink 2g', 3, 1),
('C633', 'images/fotos_prod/defecto.png', 41, 'Labial retractil romantic rosa 1 g.', 3, 1),
('C634', 'images/fotos_prod/defecto.png', 41, 'Labial retráctil choco candy 1 g', 3, 1),
('C635', 'images/fotos_prod/defecto.png', 41, 'Labial retráctil rosa nude 1 g', 3, 1),
('C636', 'images/fotos_prod/defecto.png', 7, 'Base fluida medio 20 g', 2, 1),
('C637', 'images/fotos_prod/defecto.png', 7, 'Base fluido media 20 g', 2, 1),
('C639', 'images/fotos_prod/defecto.png', 45, 'Sombra glitter silver', 3, 1),
('C640', 'images/fotos_prod/defecto.png', 45, 'Sombra glitter turquoise', 3, 1),
('C641', 'images/fotos_prod/defecto.png', 45, 'Sombra glitter cooper', 3, 1),
('C642', 'images/fotos_prod/defecto.png', 7, 'Esmalte acqua glitter 6 ml', 2, 1),
('C643', 'images/fotos_prod/defecto.png', 7, 'Esmalte pink glitter 6 ml', 2, 1),
('C644', 'images/fotos_prod/defecto.png', 7, 'Esmalte eye dragón metalic 6 ml', 2, 1),
('C645', 'images/fotos_prod/defecto.png', 7, 'Esmalte red dragón metalic 6 ml ', 2, 1),
('C646', 'images/fotos_prod/defecto.png', 7, 'Esmalte fluxia cremoso 6 ml', 2, 1),
('C647', 'images/fotos_prod/defecto.png', 7, 'Esmalte verde oliva cremoso 6 ml', 2, 1),
('C648', 'images/fotos_prod/defecto.png', 41, 'Esmalte dark blue cremoso', 3, 1),
('C649', 'images/fotos_prod/defecto.png', 7, 'Labial rojo mate 3 g', 2, 1),
('C650', 'images/fotos_prod/defecto.png', 7, 'Labial mate rosa mate 3 g', 2, 1),
('C651', 'images/fotos_prod/defecto.png', 41, 'Labial violet mate 3 g.', 3, 1),
('C652', 'images/fotos_prod/defecto.png', 41, 'Tratamiento base de diamantes', 3, 1),
('C653', 'images/fotos_prod/defecto.png', 41, 'Tratamiento efectivo amargo', 3, 1),
('C654', 'images/fotos_prod/defecto.png', 41, 'Tratamiento top coat get express', 3, 1),
('C655', 'images/fotos_prod/defecto.png', 45, 'Sombra glitter fuxia', 3, 1),
('C656', 'images/fotos_prod/defecto.png', 45, 'Sombra glitter black', 3, 1),
('C657', 'images/fotos_prod/defecto.png', 41, 'Labial liquido ultra mate coral 5 g.', 3, 1),
('C658', 'images/fotos_prod/defecto.png', 41, 'Labial liquido ultra mate mora 5 g.', 3, 1),
('C659', 'images/fotos_prod/defecto.png', 45, 'Lip bolm ceromel', 3, 1),
('C660', 'images/fotos_prod/defecto.png', 45, 'Lip bolm peceh', 3, 1),
('C661', 'images/fotos_prod/defecto.png', 41, 'Lip balm strawberry 2 g', 3, 1),
('C662', 'images/fotos_prod/defecto.png', 41, 'Delineador ojos liquido negro 3,5 ml.', 3, 1),
('C663', 'images/fotos_prod/defecto.png', 41, 'Esmalte Menta Cremoso.', 3, 1),
('C664', 'images/fotos_prod/defecto.png', 41, 'Esmalte Náutico Cremoso', 3, 1),
('C665', 'images/fotos_prod/defecto.png', 41, 'Esmalte Lima Cremoso', 3, 1),
('C666', 'images/fotos_prod/defecto.png', 41, 'Esmalte Lavanda Cremoso', 3, 1),
('C667', 'images/fotos_prod/defecto.png', 41, 'Esmalte Mirror Gold 8 ml', 3, 1),
('C668', 'images/fotos_prod/defecto.png', 41, 'Esmalte Mirror Light Blue 8 ml', 3, 1),
('C669', 'images/fotos_prod/defecto.png', 41, 'Esmalte mirror rosa 8 ml.', 3, 1),
('C670', 'images/fotos_prod/defecto.png', 41, 'Esmalte Mirror Silver 8 ml', 3, 1),
('C671', 'images/fotos_prod/defecto.png', 41, 'Esmalte Cremoso fluo Naranja 6ml', 3, 1),
('C672', 'images/fotos_prod/defecto.png', 41, 'Esmalte Cremoso fluo Rosa 6ml', 3, 1),
('C673', 'images/fotos_prod/defecto.png', 41, 'Esmalte Cremoso fluo Verde 6ml', 3, 1),
('C674', 'images/fotos_prod/defecto.png', 41, 'Esmalte Cremoso fluo Amarillo 6ml', 3, 1),
('C675', 'images/fotos_prod/defecto.png', 41, 'Mascara pestañas Waterproof 10g', 3, 1),
('C676', 'images/fotos_prod/defecto.png', 41, 'Esmalte Cremoso fluo Coral 6ml', 3, 1),
('C677', 'images/fotos_prod/defecto.png', 41, 'Labial liquido 16 horas mate lovely cherry', 3, 1),
('C678', 'images/fotos_prod/defecto.png', 41, 'Labial líquido 16 Horas mate Crush Coral', 3, 1),
('C679', 'images/fotos_prod/defecto.png', 41, 'Labial liquido 16 horas mate hynoptic red', 3, 1),
('C680', 'images/fotos_prod/defecto.png', 41, 'Labial liquido 16 horas mate chic nude', 3, 1),
('C681', 'images/fotos_prod/defecto.png', 41, 'Lapiz delineador ojos y cejas marrón 1 g.', 3, 1),
('C682', 'images/fotos_prod/defecto.png', 41, 'Lapiz delineador ojos y cejas negro 1 g.', 3, 1),
('C685', 'images/fotos_prod/defecto.png', 41, 'Base serum total nude', 3, 1),
('C687', 'images/fotos_prod/defecto.png', 41, 'Esmalte wine cremoso 6 ml.', 3, 1),
('C688 ', 'images/fotos_prod/defecto.png', 41, 'Esmalte terra glow metalic 6 ml.', 3, 1),
('C689', 'images/fotos_prod/defecto.png', 41, 'Esmalte lady in red cremoso 6 ml.', 3, 1),
('C690', 'images/fotos_prod/defecto.png', 41, 'Esmalte be late cremoso 6 ml.', 3, 1),
('C691', 'images/fotos_prod/defecto.png', 41, 'Esmalte ace of shades metalic', 3, 1),
('c695', 'images/fotos_prod/defecto.png', 41, 'Labial líquido 16 Horas mate Fucsia Fever 5g', 3, 1),
('C696', 'images/fotos_prod/defecto.png', 41, 'Corrector de maquillaje', 3, 1),
('C697', 'images/fotos_prod/defecto.png', 41, 'Máscara para pestañas Collagene Intensive 10 gr', 3, 1),
('C699', 'images/fotos_prod/defecto.png', 41, 'Rubor compacto 10 g.', 3, 1),
('C700', 'images/fotos_prod/defecto.png', 41, 'Iluminador & bronceador compacto 10 g.', 3, 1),
('C701', 'images/fotos_prod/defecto.png', 41, 'Esmalte claudette cremoso 6 ml.', 3, 1),
('C703', 'images/fotos_prod/defecto.png', 41, 'Labial liquido 16 horas mate chocolate 5 g.', 3, 1),
('C704', 'images/fotos_prod/defecto.png', 41, 'Labial liquido 16 horas mate pink 5 g.', 3, 1),
('C705', 'images/fotos_prod/defecto.png', 41, 'Corrector liquido claro 4 ml.', 3, 1),
('C706', 'images/fotos_prod/defecto.png', 41, 'Corrector liquido medio 4 ml.', 3, 1),
('C707', 'images/fotos_prod/defecto.png', 41, 'Corrector liquido oscuro 4 ml.', 3, 1),
('C708', 'images/fotos_prod/defecto.png', 41, 'Sombra liquida cobre 4 ml.', 3, 1),
('C709', 'images/fotos_prod/defecto.png', 41, 'Sombra liquida verde 4 ml.', 3, 1),
('C710', 'images/fotos_prod/defecto.png', 41, 'Sombra liquida frosted rose 4 ml.', 3, 1),
('C711', 'images/fotos_prod/defecto.png', 41, 'Esmalte claudette cremoso 6 ml.', 3, 1),
('C712', 'images/fotos_prod/defecto.png', 41, 'Esmalte lorraine cremoso 6 ml.', 3, 1),
('C713', 'images/fotos_prod/defecto.png', 41, 'Esmalte nadine cremoso 6 ml.', 3, 1),
('C714', 'images/fotos_prod/defecto.png', 41, 'Esmalte scarlet cremoso 6 ml.', 3, 1),
('C715', 'images/fotos_prod/defecto.png', 41, 'Esmalte jolie cremoso 6 ml.', 3, 1),
('C716', 'images/fotos_prod/defecto.png', 7, 'labial humectante', 2, 1),
('C717 ', 'images/fotos_prod/defecto.png', 41, 'Labial sahara cremoso 3 g.', 3, 1),
('C718', 'images/fotos_prod/defecto.png', 41, 'Labial marrakech cremoso 3 g.', 3, 1),
('C719', 'images/fotos_prod/defecto.png', 41, 'Labial toklo perlado 3 g.', 3, 1),
('C720', 'images/fotos_prod/defecto.png', 41, 'Esmalte mirror rubi 8 ml.', 3, 1),
('C721', 'images/fotos_prod/defecto.png', 41, 'Esmalte mirror glam 8 ml', 3, 1),
('C722', 'images/fotos_prod/defecto.png', 41, 'Esmalte mirror flash 8 ml.', 3, 1),
('C723', 'images/fotos_prod/defecto.png', 63, 'BASE COAT', 4, 1),
('C724', 'images/fotos_prod/defecto.png', 63, 'COLOR COAT WINTER RED', 4, 1),
('C725', 'images/fotos_prod/defecto.png', 63, 'TOP COAT', 4, 1),
('C726', 'images/fotos_prod/defecto.png', 63, 'COLOR COAT BLACK', 4, 1),
('C727', 'images/fotos_prod/defecto.png', 35, 'COLOR COAT LAVANDER', 4, 0),
('CA00148', 'images/fotos_prod/defecto.png', 16, 'Catalogo 02-2021', 2, 1),
('CA00151', 'images/fotos_prod/defecto.png', 16, 'Pack catalogo + 4 plumines 2-2021 + epv', 2, 1),
('CA00156', 'images/fotos_prod/defecto.png', 33, 'Catalogo 03-2021', 3, 1),
('CA00159', 'images/fotos_prod/defecto.png', 33, 'Pack catalogo + 1 plumin 3-2021 + epv', 3, 1),
('CP000003', 'images/fotos_prod/defecto.png', 33, 'Sachet crema de ordeñe 10 gr x 100 u', 2, 1),
('F200', 'images/fotos_prod/defecto.png', 2, 'Fragancia femenina simil ch 212 carola 50ml', 2, 1),
('F200A', 'images/fotos_prod/defecto.png', 42, '212 Carola', 3, 1),
('F201', 'images/fotos_prod/defecto.png', 2, 'Fragancia femenina simil ch carola 50ml', 2, 1),
('F202', 'images/fotos_prod/defecto.png', 2, 'Fragancia femenina simil chanel NÂ°5 50ml', 2, 1),
('F202A', 'images/fotos_prod/defecto.png', 45, 'Channel #5 15 ml.', 3, 1),
('F203', 'images/fotos_prod/defecto.png', 2, 'Fragancia femenina simil ch 212 sex 50ml', 2, 1),
('F204', 'images/fotos_prod/defecto.png', 2, 'Fragancia femenina simil hellowen 50ml', 2, 1),
('F206', 'images/fotos_prod/defecto.png', 2, 'Fragancia femenina simil cabotin 50ml', 2, 1),
('F207', 'images/fotos_prod/defecto.png', 2, 'Fragancia femenina simil Elen 50ml', 2, 1),
('F208', 'images/fotos_prod/defecto.png', 2, 'Fragancia femenina simil flores de kanzai 50ml', 2, 1),
('F209', 'images/fotos_prod/defecto.png', 2, 'Fragancia femenina simil kanzai  amour 50ml', 2, 1),
('F210', 'images/fotos_prod/defecto.png', 2, 'Fragancia femenina simil nina 50ml', 2, 1),
('F211', 'images/fotos_prod/defecto.png', 2, 'Fragancia femenina simil ch ch 50ml', 2, 1),
('F214', 'images/fotos_prod/defecto.png', 2, 'Fragancia femenina simil black xs 50ml', 2, 1),
('F221', 'images/fotos_prod/defecto.png', 2, 'Fragancia femenina simil tom girl 50ml', 2, 1),
('F222', 'images/fotos_prod/defecto.png', 2, 'Fragancia femenina simil amor 50ml', 2, 1),
('F225', 'images/fotos_prod/defecto.png', 2, 'Fragancia femenina simil isse mishake 50ml', 2, 1),
('F229', 'images/fotos_prod/defecto.png', 41, 'Fragancia femenina semil angel o demonio 50 ml.', 3, 1),
('F233', 'images/fotos_prod/defecto.png', 2, 'Fragancia femenina simil acqua clio 50ml', 2, 1),
('F249', 'images/fotos_prod/defecto.png', 2, 'Fragancia femenina simil miss chery 50ml', 2, 1),
('F256', 'images/fotos_prod/defecto.png', 2, 'Fragancia femenina simil ch 212 vip 50ml', 2, 1),
('F258', 'images/fotos_prod/defecto.png', 2, 'Fragancia femenina simil mujer millon 50ml', 2, 1),
('F268', 'images/fotos_prod/defecto.png', 2, 'Fragancia femenina simil la vida es bella 50ml', 2, 1),
('F268A', 'images/fotos_prod/defecto.png', 45, 'La vida es bella 15 ml', 3, 1),
('F269', 'images/fotos_prod/defecto.png', 2, 'Fragancia femenina simil ch 212 carola glow 50ml', 2, 1),
('F270', 'images/fotos_prod/defecto.png', 42, 'Fragancia femenina D&G femme', 3, 1),
('F270A', 'images/fotos_prod/defecto.png', 42, 'Eau de perfume Simil', 3, 1),
('F271', 'images/fotos_prod/defecto.png', 2, 'Fragancia femenina simil d&g dolce blue 50ml', 2, 1),
('F273', 'images/fotos_prod/defecto.png', 2, 'Fragancia femenina simil ch 212 vip rosa 50ml', 2, 1),
('F275', 'images/fotos_prod/defecto.png', 2, 'Fragancia femenina simil kanzai juego de amor 50ml', 2, 1),
('F276', 'images/fotos_prod/defecto.png', 41, 'Fragancia femenina simil mujer millon oro 50 ml.', 3, 1),
('F277', 'images/fotos_prod/defecto.png', 41, 'Fragancia femenina simil nina extase 50 ml.', 3, 1),
('F278', 'images/fotos_prod/defecto.png', 41, 'Fragancia femenina simil olimpia 50 ml.', 3, 1),
('F278A', 'images/fotos_prod/defecto.png', 45, 'Eau de Parfum símil Olimpea 15ml', 3, 1),
('F279', 'images/fotos_prod/defecto.png', 42, 'Fragancia femenina símil Flores de Kanzai Elixir 50 ml', 3, 1),
('F280', 'images/fotos_prod/defecto.png', 2, 'Fragancia femenina simil la vida es bella rosa 50ml', 2, 1),
('F281', 'images/fotos_prod/defecto.png', 2, 'Fragancia femenina simil posion girl 50ml', 2, 1),
('F283', 'images/fotos_prod/defecto.png', 42, 'Fragancia femenina símil Big Ari 50 ml', 3, 1),
('F284', 'images/fotos_prod/defecto.png', 2, 'Fragancia femenina simil ch buena chica 50ml', 2, 1),
('F286', 'images/fotos_prod/defecto.png', 2, 'Fragancia femenina simil mujer pillon privada 50ml', 2, 1),
('F287', 'images/fotos_prod/defecto.png', 42, 'Fragancia femenina símil Kanzai Mundo 50 ml', 3, 1),
('F288', 'images/fotos_prod/defecto.png', 2, 'Fragancia femenina simil ch privada 50ml', 2, 1),
('F289', 'images/fotos_prod/defecto.png', 2, 'Fragancia femenina simil black xs los angeles 50ml', 2, 1),
('F290', 'images/fotos_prod/defecto.png', 2, 'Fragancia femenina simil rock 50ml', 2, 1),
('F291', 'images/fotos_prod/defecto.png', 2, 'Fragancia femenina simil chanel coco madame 50ml', 2, 1),
('F292', 'images/fotos_prod/defecto.png', 2, 'Fragancia femenina simil milagro 50ml', 2, 1),
('F293', 'images/fotos_prod/defecto.png', 2, 'Fragancia femenina simil placeres 50ml', 2, 1),
('F294', 'images/fotos_prod/defecto.png', 2, 'Fragancia femenina simil secreto tentacion 50ml', 2, 1),
('F295', 'images/fotos_prod/defecto.png', 2, 'Fragancia femenina simil channel grabiella 50ml', 2, 1),
('F296', 'images/fotos_prod/defecto.png', 2, 'Fragancia femenina simil i am 50ml', 2, 1),
('F297', 'images/fotos_prod/defecto.png', 2, 'Fragancia femenina simil escandal 50ml', 2, 1),
('F298', 'images/fotos_prod/defecto.png', 2, 'Fragancia femenina simil blue seduccion 50ml', 2, 1),
('F299', 'images/fotos_prod/defecto.png', 2, 'Fragancia femenina simil blue 50ml', 2, 1),
('F300', 'images/fotos_prod/defecto.png', 2, 'Fragancia femenina simil golden secret 50ml', 2, 1),
('F301', 'images/fotos_prod/defecto.png', 2, 'Fragancia femenina simil miss queen 50ml', 2, 1),
('F302', 'images/fotos_prod/defecto.png', 2, 'Fragancia femenina simil one millon lucky 50ml', 2, 1),
('F303', 'images/fotos_prod/defecto.png', 2, 'Fragancia femenina simil vs b tease 50ml', 2, 1),
('F304', 'images/fotos_prod/defecto.png', 2, 'Fragancia femenina simil vs b bombs 50ml', 2, 1),
('F305A', 'images/fotos_prod/defecto.png', 45, 'Red door 15 ml.', 3, 1),
('F306', 'images/fotos_prod/defecto.png', 2, 'Fragancia femenina simil guchi bloom', 2, 1),
('F307', 'images/fotos_prod/defecto.png', 2, 'Fragancia femenina simil olimpia legend', 2, 1),
('F308', 'images/fotos_prod/defecto.png', 2, 'Fragancia femenina simil la bella jpg 50ml', 2, 1),
('F309', 'images/fotos_prod/defecto.png', 2, 'Fragancia femenina simil ch vip rose red 50ml', 2, 1),
('F310', 'images/fotos_prod/defecto.png', 2, 'Fragancia femenina simil libre 50ml', 2, 1),
('G013', 'images/fotos_prod/defecto.png', 33, 'Demo insp. (cat + minis + blotters+ brome) + 7 insp', 2, 1),
('G320', 'images/fotos_prod/defecto.png', 16, 'Mini isse mishake fem. 3 ml. x u.', 2, 1),
('H247', 'images/fotos_prod/defecto.png', 45, 'Fragancia mesulina Alur ', 3, 1),
('M200', 'images/fotos_prod/defecto.png', 2, 'Fragancia masculina simil ch 212 carola men 50ml', 2, 1),
('M200A', 'images/fotos_prod/defecto.png', 45, '212 Men 15 ml.', 3, 1),
('M201', 'images/fotos_prod/defecto.png', 2, 'Fragancia masculina simil ck one 50ml', 2, 1),
('M202', 'images/fotos_prod/defecto.png', 2, 'Fragancia masculina simil kanzai 50ml', 2, 1),
('M203', 'images/fotos_prod/defecto.png', 2, 'Fragancia masculina simil polo black 50ml', 2, 1),
('M204', 'images/fotos_prod/defecto.png', 2, 'Fragancia masculina simil acqua clio 50ml', 2, 1),
('M205', 'images/fotos_prod/defecto.png', 2, 'Fragancia masculina simil simil paco 50ml', 2, 1),
('M2071', 'images/fotos_prod/defecto.png', 2, 'Fragancia masculina simil invictus legend 50ml', 2, 1),
('M208', 'images/fotos_prod/defecto.png', 2, 'Fragancia masculina simil ch herrera for men 50ml', 2, 1),
('M210', 'images/fotos_prod/defecto.png', 2, 'Fragancia masculina simil polo 50ml', 2, 1),
('M218', 'images/fotos_prod/defecto.png', 2, 'Fragancia masculina simil ch 212 sex men 50ml', 2, 1),
('M222', 'images/fotos_prod/defecto.png', 2, 'Fragancia masculina simil tom 50ml', 2, 1),
('M225', 'images/fotos_prod/defecto.png', 2, 'Fragancia masculina simil isse mishake 50ml', 2, 1),
('M226', 'images/fotos_prod/defecto.png', 2, 'Fragancia masculina simil polo blue 50ml', 2, 1),
('M232', 'images/fotos_prod/defecto.png', 2, 'Fragancia masculina simil one millon lingote 50ml', 2, 1),
('M232A', 'images/fotos_prod/defecto.png', 45, 'One millon ligth 15 ml.', 3, 1),
('M237', 'images/fotos_prod/defecto.png', 2, 'Fragancia masculina simil blue chanel 50ml', 2, 1),
('M238', 'images/fotos_prod/defecto.png', 2, 'Fragancia masculina simil vos 50ml', 2, 1),
('M239', 'images/fotos_prod/defecto.png', 2, 'Fragancia masculina simil ch 212 vip men 50ml', 2, 1),
('M243', 'images/fotos_prod/defecto.png', 2, 'Fragancia masculina simil polo red 50ml', 2, 1),
('M244', 'images/fotos_prod/defecto.png', 2, 'Fragancia masculina simil blaxk xs excess 50ml', 2, 1),
('M245', 'images/fotos_prod/defecto.png', 2, 'Fragancia masculina simil invicto 50ml', 2, 1),
('M245A', 'images/fotos_prod/defecto.png', 45, 'Invictus 15 ml.', 3, 1),
('M248', 'images/fotos_prod/defecto.png', 2, 'Fragancia masculina simil boss diferent 50ml', 2, 1),
('M249', 'images/fotos_prod/defecto.png', 2, 'Fragancia masculina simil polo red intenso 50ml', 2, 1),
('M250', 'images/fotos_prod/defecto.png', 2, 'Fragancia masculina simil acqua profundo 50ml', 2, 1),
('M251', 'images/fotos_prod/defecto.png', 2, 'Fragancia masculina simil culpable 50ml', 2, 1),
('M252', 'images/fotos_prod/defecto.png', 2, 'Fragancia masculina simil invicto acua 50ml', 2, 1),
('M253', 'images/fotos_prod/defecto.png', 2, 'Fragancia masculina simil salvaje 50ml', 2, 1),
('M254', 'images/fotos_prod/defecto.png', 2, 'Fragancia masculina simil kevil 50ml', 2, 1),
('M255', 'images/fotos_prod/defecto.png', 2, 'Fragancia masculina simil buscado 50ml', 2, 1),
('M256', 'images/fotos_prod/defecto.png', 2, 'Fragancia masculina simil ch privado 50ml', 2, 1),
('M257', 'images/fotos_prod/defecto.png', 2, 'Fragancia masculina simil xs black los angeles 50ml', 2, 1),
('M258', 'images/fotos_prod/defecto.png', 2, 'Fragancia masculina simil blue seduccion 50ml', 2, 1),
('M259', 'images/fotos_prod/defecto.png', 2, 'Fragancia masculina simil invictus intenso 50ml', 2, 1),
('M260', 'images/fotos_prod/defecto.png', 2, 'Fragancia masculina simil ch 212 vip black 50ml', 2, 1),
('M261', 'images/fotos_prod/defecto.png', 2, 'Fragancia masculina simil secreto 50ml', 2, 1),
('M264', 'images/fotos_prod/defecto.png', 2, 'Fragancia masculina simil farenheit 50ml', 2, 1),
('M265', 'images/fotos_prod/defecto.png', 2, 'Fragancia masculina simil polo ultra blue 50ml', 2, 1),
('M266', 'images/fotos_prod/defecto.png', 2, 'Fragancia masculina simil one millon lucky 50ml', 2, 1),
('M267', 'images/fotos_prod/defecto.png', 2, 'Fragancia masculina simil power seduccion 50ml', 2, 1),
('M268', 'images/fotos_prod/defecto.png', 2, 'Fragancia masculina simil golden hombre 50ml', 2, 1),
('M269', 'images/fotos_prod/defecto.png', 2, 'Fragancia masculina simil poder extr. 50ml', 2, 1),
('M270', 'images/fotos_prod/defecto.png', 2, 'Fragancia masculina simil pure nigth 50ml', 2, 1),
('M270A', 'images/fotos_prod/defecto.png', 45, 'X5 pure nigth 15 ml.', 3, 1),
('M271', 'images/fotos_prod/defecto.png', 42, 'Fragancia masculina simil invictus legend 50 ml.', 3, 1),
('M272', 'images/fotos_prod/defecto.png', 2, 'Fragancia masculina simil  50ml', 2, 1);
INSERT INTO `productos` (`id`, `foto`, `linea`, `descripcion`, `periodo`, `estado`) VALUES
('M273', 'images/fotos_prod/defecto.png', 2, 'Fragancia masculina simil el bello jpg 50ml', 2, 1),
('M274', 'images/fotos_prod/defecto.png', 2, 'Fragancia masculina simil ch vip black red 50ml', 2, 1),
('M275', 'images/fotos_prod/defecto.png', 2, 'Fragancia masculina simil blue label 50ml', 2, 1),
('periodo3', 'images/fotos_prod/defecto.png', 24, 'es una prueba', 3, 1),
('prueba1', 'images/fotos_prod/defecto.png', 31, 'prueba 1', 2, 0),
('PRUPER3', 'images/fotos_prod/defecto.png', 32, 'PRUEBA PERIODO 3', 3, 0),
('S002', 'images/fotos_prod/defecto.png', 14, 'Toallas desinfectantes x 25 unidades', 2, 1),
('s004', 'images/fotos_prod/defecto.png', 45, 'Sanitizante pocket 15 ml.', 3, 1),
('S005', 'images/fotos_prod/defecto.png', 14, 'Sanitizante atomizador de superficies 240 ml.', 2, 1),
('S006', 'images/fotos_prod/defecto.png', 14, 'Alcohol en gel pomo 100 ml.', 2, 1),
('V044', 'images/fotos_prod/defecto.png', 12, 'Aromatizante difusor gardenier bloom 150 ml.', 2, 1),
('V046', 'images/fotos_prod/defecto.png', 13, 'Aromatizante spray capullo de algodón 240 ml.', 2, 1),
('V047', 'images/fotos_prod/defecto.png', 13, 'Aromatizante spray rocio de miel 240 ml.', 2, 1),
('V051', 'images/fotos_prod/defecto.png', 13, 'Aromatizante spray gotas de amor 240 ml.', 2, 1),
('V052', 'images/fotos_prod/defecto.png', 45, 'Aromatizante spray bebe BB shower', 3, 1),
('V053', 'images/fotos_prod/defecto.png', 12, 'Aromatizante difusor coco summer 150 ml.', 2, 1),
('V054', 'images/fotos_prod/defecto.png', 12, 'Aromatizante difusor manzano en flor 150 ml.', 2, 1),
('V055', 'images/fotos_prod/defecto.png', 12, 'Aromatizante difusor flores del valee 150 ml.', 2, 1),
('V056', 'images/fotos_prod/defecto.png', 13, 'Aromatizante spray coco summer 240 ml.', 2, 1),
('V057', 'images/fotos_prod/defecto.png', 45, 'Aromatizante citrus y madera ', 3, 1),
('V058', 'images/fotos_prod/defecto.png', 13, 'Aromatizante spray f. citrica 240 ml.', 2, 1),
('V059', 'images/fotos_prod/defecto.png', 45, 'Aromatizante spray Rosa & Vainilla 240 ml.', 3, 1),
('V060', 'images/fotos_prod/defecto.png', 45, 'Aromatizante tilo y melaza', 3, 1),
('X268', 'images/fotos_prod/defecto.png', 33, 'Mini la vida es bella fem. 3 ml x u', 2, 1),
('X271', 'images/fotos_prod/defecto.png', 33, 'Mini ligth blue fem. 3 ml x u', 2, 1),
('X273', 'images/fotos_prod/defecto.png', 33, 'Mini 212 vip rose fem. 3 ml x u', 2, 1),
('X274', 'images/fotos_prod/defecto.png', 33, 'Mini mujer millon privada fem. 3 ml x u', 2, 1),
('X275', 'images/fotos_prod/defecto.png', 33, 'Mini ch privada fem. 3 ml x u', 2, 1),
('X276', 'images/fotos_prod/defecto.png', 33, 'Mini xs black los angeles 3 ml fem. x u', 2, 1),
('X300', 'images/fotos_prod/defecto.png', 33, 'Mini 212 caro fem. vitr 3 ml x u', 2, 1),
('X301', 'images/fotos_prod/defecto.png', 33, 'Mini carola fem. vitr 3 ml x u', 2, 1),
('X302', 'images/fotos_prod/defecto.png', 33, 'Mini chanel nº5 fem. 3 ml x u', 2, 1),
('X303', 'images/fotos_prod/defecto.png', 33, 'Mini 212 sex fem. 3 ml x u', 2, 1),
('X304', 'images/fotos_prod/defecto.png', 33, 'Mini hellow fem. 3 ml x u', 2, 1),
('X306', 'images/fotos_prod/defecto.png', 33, 'Mini cabotin fem. 3 ml x u', 2, 1),
('X307', 'images/fotos_prod/defecto.png', 33, 'Mini elen fem. 3 ml x u ', 2, 1),
('X308', 'images/fotos_prod/defecto.png', 33, 'Mini flores de kan fem. 3 ml x u', 2, 1),
('X309', 'images/fotos_prod/defecto.png', 33, 'Mini kanzai amor fem. 3 ml x u', 2, 1),
('X310', 'images/fotos_prod/defecto.png', 33, 'Mini nina fem. 3 ml x u', 2, 1),
('X311', 'images/fotos_prod/defecto.png', 33, 'Mini ch  herrrera fem. 3 ml x u', 2, 1),
('X313', 'images/fotos_prod/defecto.png', 33, 'Mini xs black fem. 3 ml x u', 2, 1),
('X318', 'images/fotos_prod/defecto.png', 33, 'Mini tom girl fem. 3 ml x u', 2, 1),
('X319', 'images/fotos_prod/defecto.png', 33, 'Mini amor amor fem. 3 ml x u', 2, 1),
('X322', 'images/fotos_prod/defecto.png', 33, 'Mini angel o dem fem. 3 ml x u', 2, 1),
('X325', 'images/fotos_prod/defecto.png', 33, 'Mini acqua clio fem. 3 ml x u', 2, 1),
('X332', 'images/fotos_prod/defecto.png', 33, 'Mini miss chery fem. 3 ml x u', 2, 1),
('X335', 'images/fotos_prod/defecto.png', 33, 'Mini 212 vip fem. 3 ml x u', 2, 1),
('X336', 'images/fotos_prod/defecto.png', 33, 'Mini lady millon fem. 3 ml x u', 2, 1),
('X344', 'images/fotos_prod/defecto.png', 33, 'Mini 212 glow car fem. 3 ml x u', 2, 1),
('X348', 'images/fotos_prod/defecto.png', 33, 'Mini juego de amor fem.. 3 ml x u', 2, 1),
('X349', 'images/fotos_prod/defecto.png', 33, 'Mini mujer millon oro fem. 3 ml x u', 2, 1),
('X350', 'images/fotos_prod/defecto.png', 33, 'Mini nina lextase fem. 3 ml x u', 2, 1),
('X351', 'images/fotos_prod/defecto.png', 33, 'Mini olimpia fem. 3 ml x u', 2, 1),
('X353', 'images/fotos_prod/defecto.png', 33, 'Mini la vida es bella rose fem. 3 ml x u', 2, 1),
('X354', 'images/fotos_prod/defecto.png', 33, 'Mini dior poison girl fem. 3 ml x u', 2, 1),
('Y001', 'images/fotos_prod/defecto.png', 33, 'Mini diva fem. 3 ml x u', 2, 1),
('Y006', 'images/fotos_prod/defecto.png', 16, 'Mini bravo 3 ml. x u.', 2, 1),
('Z300', 'images/fotos_prod/defecto.png', 33, 'Mini 212 carola masc. 3 ml x u', 2, 1),
('Z301', 'images/fotos_prod/defecto.png', 33, 'Mini ck one masc. 3 ml x u', 2, 1),
('Z302', 'images/fotos_prod/defecto.png', 33, 'Mini kanzai masc. 3 ml x u', 2, 1),
('Z303', 'images/fotos_prod/defecto.png', 33, 'Mini polo black masc. 3 ml x u', 2, 1),
('Z304', 'images/fotos_prod/defecto.png', 33, 'Mini Acqua clio masc. 3 ml x u', 2, 1),
('Z305', 'images/fotos_prod/defecto.png', 33, 'Mini paco masc. 3 ml x u', 2, 1),
('Z307', 'images/fotos_prod/defecto.png', 33, 'Mini herrera masc. 3 ml x u', 2, 1),
('Z308', 'images/fotos_prod/defecto.png', 33, 'Mini polo masc. 3 ml x u', 2, 1),
('Z312', 'images/fotos_prod/defecto.png', 33, 'Mini 212 sex masc. 3 ml x u', 2, 1),
('Z314', 'images/fotos_prod/defecto.png', 33, 'Mini tom masc. 3 ml x u', 2, 1),
('Z315', 'images/fotos_prod/defecto.png', 33, 'Mini isse mishake masc. 3 ml x u', 2, 1),
('Z316', 'images/fotos_prod/defecto.png', 33, 'Mini oilo blue masc. 3 ml x u', 2, 1),
('Z318', 'images/fotos_prod/defecto.png', 33, 'Mini 1 lingote masc. 3 ml x u', 2, 1),
('Z322', 'images/fotos_prod/defecto.png', 33, 'Mini blue chanal masc. 3 ml x u', 2, 1),
('Z323', 'images/fotos_prod/defecto.png', 33, 'Mini voss hugo voss masc. 3 ml x u', 2, 1),
('Z327', 'images/fotos_prod/defecto.png', 33, 'Mini polo red masc. 3 ml x u', 2, 1),
('Z328', 'images/fotos_prod/defecto.png', 33, 'Mini black xs excess masc. 3 ml x u', 2, 1),
('Z329', 'images/fotos_prod/defecto.png', 33, 'Mini invicto masc. 3 ml x u', 2, 1),
('Z332', 'images/fotos_prod/defecto.png', 33, 'mini boss different masc. 3 ml x u', 2, 1),
('Z333', 'images/fotos_prod/defecto.png', 33, 'Mini polo intense masc. 3 ml x u', 2, 1),
('Z334', 'images/fotos_prod/defecto.png', 33, 'Mini acqua profundo masc. 3 ml x u', 2, 1),
('Z335', 'images/fotos_prod/defecto.png', 33, 'Mini culpable masc. 3 ml x u', 2, 1),
('Z336', 'images/fotos_prod/defecto.png', 33, 'Mini invicto aqua masc. 3 ml x u', 2, 1),
('Z337', 'images/fotos_prod/defecto.png', 33, 'Mini salvaje dior masc. 3 ml x u', 2, 1),
('Z338', 'images/fotos_prod/defecto.png', 33, 'Mini kevil teens masc. 3 ml x u', 2, 1);

-- --------------------------------------------------------

--
-- Table structure for table `recibo_compra`
--

CREATE TABLE `recibo_compra` (
  `cod` int(11) NOT NULL,
  `codc` int(11) NOT NULL,
  `estado` tinyint(1) NOT NULL DEFAULT 1
) ENGINE=InnoDB DEFAULT CHARSET=utf8 COLLATE=utf8_spanish_ci ROW_FORMAT=COMPACT;

-- --------------------------------------------------------

--
-- Table structure for table `roles`
--

CREATE TABLE `roles` (
  `id_rol` int(11) NOT NULL,
  `rol` varchar(30) CHARACTER SET utf8 COLLATE utf8_unicode_ci NOT NULL,
  `descripcion` varchar(150) CHARACTER SET utf8 COLLATE utf8_unicode_ci NOT NULL
) ENGINE=InnoDB DEFAULT CHARSET=utf8 COLLATE=utf8_spanish_ci ROW_FORMAT=COMPACT;

--
-- Dumping data for table `roles`
--

INSERT INTO `roles` (`id_rol`, `rol`, `descripcion`) VALUES
(1, 'Administrador', 'Tiene acceso a todos los modulos del sistema'),
(2, 'Vendedor', 'Tiene acceso a los modulos de ventas y reportes');

-- --------------------------------------------------------

--
-- Table structure for table `usuarios`
--

CREATE TABLE `usuarios` (
  `CI` int(11) NOT NULL,
  `nombre` varchar(15) COLLATE utf8_spanish_ci NOT NULL,
  `apellidos` varchar(40) CHARACTER SET utf32 COLLATE utf32_spanish_ci NOT NULL,
  `telefono` int(11) DEFAULT NULL,
  `password` varchar(60) COLLATE utf8_spanish_ci NOT NULL,
  `rol` tinyint(4) NOT NULL DEFAULT 2,
  `estado` tinyint(1) NOT NULL DEFAULT 1
) ENGINE=InnoDB DEFAULT CHARSET=utf8 COLLATE=utf8_spanish_ci ROW_FORMAT=COMPACT;

--
-- Dumping data for table `usuarios`
--

INSERT INTO `usuarios` (`CI`, `nombre`, `apellidos`, `telefono`, `password`, `rol`, `estado`) VALUES
(1000000, 'Carmen', '', 75183804, '1111', 1, 1),
(7210040, 'Rodrigo', 'Gonzales Dolz', 77894488, '1234', 2, 1);

-- --------------------------------------------------------

--
-- Table structure for table `ventas`
--

CREATE TABLE `ventas` (
  `codv` int(11) NOT NULL,
  `ci_usu` int(11) NOT NULL,
  `ca` int(11) NOT NULL,
  `fecha` datetime NOT NULL DEFAULT current_timestamp(),
  `total` float NOT NULL,
  `descuento` float NOT NULL,
  `valor_peso` float NOT NULL,
  `credito` tinyint(4) NOT NULL DEFAULT 0,
  `periodo` tinyint(4) NOT NULL,
  `estado` tinyint(1) NOT NULL DEFAULT 1
) ENGINE=InnoDB DEFAULT CHARSET=utf8 COLLATE=utf8_spanish_ci ROW_FORMAT=COMPACT;

--
-- Dumping data for table `ventas`
--

INSERT INTO `ventas` (`codv`, `ci_usu`, `ca`, `fecha`, `total`, `descuento`, `valor_peso`, `credito`, `periodo`, `estado`) VALUES
(134, 1000000, 47542, '2021-06-28 11:07:03', 58.3, 30, 0.07, 0, 3, 0),
(135, 1000000, 81252, '2021-06-29 10:51:11', 220, 0, 0.07, 1, 3, 1),
(136, 1000000, 81252, '2021-06-29 11:00:05', 321.8, 30, 0.07, 0, 3, 1),
(137, 1000000, 47542, '2021-06-30 05:10:30', 49, 30, 0.07, 0, 3, 0),
(138, 1000000, 47542, '2021-06-30 05:12:43', 49, 30, 0.07, 0, 3, 1),
(139, 1000000, 48933, '2021-06-30 05:16:27', 231.8, 30, 0.07, 2, 3, 1),
(140, 1000000, 84773, '2021-07-01 06:06:23', 93.1, 30, 0.07, 1, 3, 1),
(141, 1000000, 83585, '2021-07-02 11:21:56', 174.9, 30, 0.07, 0, 3, 1),
(142, 1000000, 49740, '2021-07-02 04:47:36', 255.7, 30, 0.07, 0, 3, 1),
(143, 1000000, 90474, '2021-07-05 06:20:19', 240.1, 30, 0.07, 1, 3, 1),
(144, 1000000, 83585, '2021-07-20 11:58:47', 148, 0, 0.07, 1, 4, 1),
(145, 1000000, 464141, '2021-07-22 03:59:06', 762.1, 30, 0.07, 0, 4, 1),
(146, 1000000, 92670, '2021-07-23 08:23:09', 95.7, 30, 0.07, 1, 4, 1),
(147, 1000000, 93244, '2021-07-26 10:36:38', 298, 30, 0.07, 1, 4, 1),
(148, 1000000, 76126, '2021-07-26 11:08:33', 1876.7, 30, 0.07, 1, 4, 1),
(149, 1000000, 68844, '2021-07-28 09:12:48', 396.1, 30, 0.07, 1, 4, 1),
(150, 1000000, 81283, '2021-07-28 02:56:45', 1413.8, 30, 0.07, 1, 4, 1),
(151, 1000000, 68844, '2021-07-29 09:03:03', 156.5, 30, 0.07, 1, 4, 1),
(152, 1000000, 88038, '2021-07-29 09:39:07', 145.3, 30, 0.07, 1, 4, 1),
(153, 1000000, 88038, '2021-07-29 10:00:31', 134.8, 30, 0.07, 1, 4, 1),
(154, 1000000, 83585, '2021-07-29 10:36:58', 220.6, 30, 0.07, 1, 4, 1),
(155, 1000000, 92220, '2021-07-29 10:53:25', 270.9, 30, 0.07, 1, 4, 1),
(156, 1000000, 93244, '2021-07-30 10:39:09', 345.6, 30, 0.07, 0, 4, 1),
(157, 1000000, 93244, '2021-07-30 10:42:34', 345.6, 30, 0.07, 1, 4, 1),
(158, 1000000, 64928, '2021-07-30 02:43:00', 381.3, 30, 0.07, 1, 4, 1),
(159, 1000000, 47786, '2021-08-01 03:08:50', 202.4, 30, 0.07, 1, 4, 1),
(160, 1000000, 76126, '2021-08-02 03:50:38', 1690.7, 30, 0.07, 1, 4, 1),
(161, 1000000, 76126, '2021-08-02 03:59:38', 483, 0, 0.07, 0, 4, 1),
(162, 1000000, 68844, '2021-08-04 02:53:54', 656.2, 30, 0.07, 0, 4, 1),
(163, 1000000, 93244, '2021-08-05 08:54:37', 237.7, 30, 0.07, 1, 4, 1),
(164, 1000000, 81283, '2021-08-05 10:04:30', 1293.6, 30, 0.07, 0, 4, 1),
(165, 1000000, 76126, '2021-08-05 10:13:34', 563, 0, 0.07, 1, 4, 1),
(166, 1000000, 76126, '2021-08-05 10:47:09', 385, 0, 0.07, 1, 4, 0),
(167, 1000000, 76126, '2021-08-05 10:49:40', 269.5, 30, 0.07, 1, 4, 1),
(168, 1000000, 70544, '2021-08-05 11:48:11', 165.7, 30, 0.07, 1, 4, 1),
(169, 1000000, 84721, '2021-08-05 04:56:34', 162.1, 30, 0.07, 1, 4, 1),
(170, 1000000, 64928, '2021-08-09 02:32:56', 264.7, 30, 0.07, 1, 4, 1);

--
-- Indexes for dumped tables
--

--
-- Indexes for table `clientes`
--
ALTER TABLE `clientes`
  ADD PRIMARY KEY (`id`),
  ADD UNIQUE KEY `id` (`id`),
  ADD UNIQUE KEY `CA` (`CA`);

--
-- Indexes for table `compras`
--
ALTER TABLE `compras`
  ADD PRIMARY KEY (`codc`);

--
-- Indexes for table `detalle_compra`
--
ALTER TABLE `detalle_compra`
  ADD KEY `codc` (`codc`),
  ADD KEY `codp` (`codp`);

--
-- Indexes for table `detalle_venta`
--
ALTER TABLE `detalle_venta`
  ADD KEY `codv` (`codv`),
  ADD KEY `codp` (`codp`);

--
-- Indexes for table `invcant`
--
ALTER TABLE `invcant`
  ADD KEY `codp` (`codp`);

--
-- Indexes for table `inventario`
--
ALTER TABLE `inventario`
  ADD PRIMARY KEY (`id`),
  ADD KEY `codp` (`codp`);

--
-- Indexes for table `lineas`
--
ALTER TABLE `lineas`
  ADD PRIMARY KEY (`codli`);

--
-- Indexes for table `pagos`
--
ALTER TABLE `pagos`
  ADD PRIMARY KEY (`id`),
  ADD KEY `codv` (`codv`);

--
-- Indexes for table `productos`
--
ALTER TABLE `productos`
  ADD PRIMARY KEY (`id`),
  ADD KEY `linea` (`linea`);

--
-- Indexes for table `recibo_compra`
--
ALTER TABLE `recibo_compra`
  ADD PRIMARY KEY (`cod`),
  ADD KEY `codc` (`codc`);

--
-- Indexes for table `roles`
--
ALTER TABLE `roles`
  ADD PRIMARY KEY (`id_rol`);

--
-- Indexes for table `usuarios`
--
ALTER TABLE `usuarios`
  ADD PRIMARY KEY (`CI`),
  ADD UNIQUE KEY `password` (`password`);

--
-- Indexes for table `ventas`
--
ALTER TABLE `ventas`
  ADD PRIMARY KEY (`codv`),
  ADD KEY `ci_usu` (`ci_usu`),
  ADD KEY `ca` (`ca`);

--
-- AUTO_INCREMENT for dumped tables
--

--
-- AUTO_INCREMENT for table `clientes`
--
ALTER TABLE `clientes`
  MODIFY `id` int(11) NOT NULL AUTO_INCREMENT, AUTO_INCREMENT=82725;

--
-- AUTO_INCREMENT for table `compras`
--
ALTER TABLE `compras`
  MODIFY `codc` int(11) NOT NULL AUTO_INCREMENT, AUTO_INCREMENT=251;

--
-- AUTO_INCREMENT for table `inventario`
--
ALTER TABLE `inventario`
  MODIFY `id` int(11) NOT NULL AUTO_INCREMENT, AUTO_INCREMENT=1807;

--
-- AUTO_INCREMENT for table `lineas`
--
ALTER TABLE `lineas`
  MODIFY `codli` int(11) NOT NULL AUTO_INCREMENT, AUTO_INCREMENT=66;

--
-- AUTO_INCREMENT for table `pagos`
--
ALTER TABLE `pagos`
  MODIFY `id` int(11) NOT NULL AUTO_INCREMENT, AUTO_INCREMENT=202;

--
-- AUTO_INCREMENT for table `recibo_compra`
--
ALTER TABLE `recibo_compra`
  MODIFY `cod` int(11) NOT NULL AUTO_INCREMENT;

--
-- AUTO_INCREMENT for table `ventas`
--
ALTER TABLE `ventas`
  MODIFY `codv` int(11) NOT NULL AUTO_INCREMENT, AUTO_INCREMENT=171;

--
-- Constraints for dumped tables
--

--
-- Constraints for table `detalle_compra`
--
ALTER TABLE `detalle_compra`
  ADD CONSTRAINT `detalle_compra_ibfk_1` FOREIGN KEY (`codc`) REFERENCES `compras` (`codc`) ON UPDATE CASCADE,
  ADD CONSTRAINT `detalle_compra_ibfk_2` FOREIGN KEY (`codp`) REFERENCES `productos` (`id`) ON UPDATE CASCADE;

--
-- Constraints for table `detalle_venta`
--
ALTER TABLE `detalle_venta`
  ADD CONSTRAINT `detalle_venta_ibfk_1` FOREIGN KEY (`codv`) REFERENCES `ventas` (`codv`) ON DELETE NO ACTION ON UPDATE CASCADE,
  ADD CONSTRAINT `detalle_venta_ibfk_2` FOREIGN KEY (`codp`) REFERENCES `productos` (`id`) ON DELETE NO ACTION ON UPDATE CASCADE;

--
-- Constraints for table `invcant`
--
ALTER TABLE `invcant`
  ADD CONSTRAINT `invcant_ibfk_1` FOREIGN KEY (`codp`) REFERENCES `productos` (`id`) ON DELETE NO ACTION ON UPDATE CASCADE;

--
-- Constraints for table `inventario`
--
ALTER TABLE `inventario`
  ADD CONSTRAINT `inventario_ibfk_1` FOREIGN KEY (`codp`) REFERENCES `productos` (`id`) ON DELETE NO ACTION ON UPDATE CASCADE;

--
-- Constraints for table `pagos`
--
ALTER TABLE `pagos`
  ADD CONSTRAINT `pagos_ibfk_1` FOREIGN KEY (`codv`) REFERENCES `ventas` (`codv`) ON DELETE NO ACTION ON UPDATE CASCADE;

--
-- Constraints for table `productos`
--
ALTER TABLE `productos`
  ADD CONSTRAINT `productos_ibfk_1` FOREIGN KEY (`linea`) REFERENCES `lineas` (`codli`) ON DELETE CASCADE ON UPDATE CASCADE;

--
-- Constraints for table `recibo_compra`
--
ALTER TABLE `recibo_compra`
  ADD CONSTRAINT `recibo_compra_ibfk_1` FOREIGN KEY (`codc`) REFERENCES `compras` (`codc`) ON UPDATE CASCADE;

--
-- Constraints for table `ventas`
--
ALTER TABLE `ventas`
  ADD CONSTRAINT `ventas_ibfk_1` FOREIGN KEY (`ci_usu`) REFERENCES `usuarios` (`CI`) ON DELETE NO ACTION ON UPDATE CASCADE,
  ADD CONSTRAINT `ventas_ibfk_2` FOREIGN KEY (`ca`) REFERENCES `clientes` (`CA`) ON DELETE NO ACTION ON UPDATE CASCADE;
COMMIT;

/*!40101 SET CHARACTER_SET_CLIENT=@OLD_CHARACTER_SET_CLIENT */;
/*!40101 SET CHARACTER_SET_RESULTS=@OLD_CHARACTER_SET_RESULTS */;
/*!40101 SET COLLATION_CONNECTION=@OLD_COLLATION_CONNECTION */;
